Invoices_h_r_id,Account_id,Emp_id,Date_d,Time_t,Total_total
1,315,1,01/01/2022,02:55:52 م,714
7,204,0,02/01/2022,11:11:21 ص,67.5
16,222,23,03/01/2022,12:55:51 م,
34,685,23,04/01/2022,11:47:41 ص,739
57,290,15,05/01/2022,11:25:09 ص,482.5
73,905,22,06/01/2022,11:09:23 ص,199
96,477,15,08/01/2022,02:09:30 م,150
119,405,22,09/01/2022,01:52:57 م,610
8,1311,1,02/01/2022,01:22:46 م,118
136,301,22,09/01/2022,10:03:38 م,866
17,222,23,03/01/2022,01:18:01 م,484.5
2,472,1,01/01/2022,04:24:53 م,400
74,1481,22,06/01/2022,03:27:37 م,60
9,1689,22,02/01/2022,05:47:47 م,
35,685,23,04/01/2022,11:50:26 ص,
3,472,1,01/01/2022,04:25:37 م,62.5
18,315,1,03/01/2022,02:08:30 م,
36,216,23,04/01/2022,11:51:21 ص,92.5
58,685,23,05/01/2022,12:52:11 م,68
19,315,1,03/01/2022,02:08:53 م,73
97,431,15,08/01/2022,03:26:12 م,
75,315,1,06/01/2022,03:37:25 م,736.5
10,1318,22,02/01/2022,05:54:10 م,8645
4,1487,15,01/01/2022,04:54:02 م,930
20,1716,23,03/01/2022,02:10:03 م,308
37,183,1,04/01/2022,04:56:54 م,260
59,218,22,05/01/2022,12:57:54 م,
60,218,22,05/01/2022,12:58:17 م,206
11,1689,22,02/01/2022,05:55:57 م,26.75
21,733,23,03/01/2022,03:35:46 م,87.5
38,256,23,04/01/2022,04:57:33 م,294
5,1481,22,01/01/2022,06:05:10 م,52
12,231,22,02/01/2022,05:56:59 م,177
22,2079,1,03/01/2022,03:36:33 م,68
6,438,23,01/01/2022,06:08:36 م,75
39,600,23,04/01/2022,05:00:50 م,166.5
61,2135,0,05/01/2022,12:59:28 م,268
13,852,0,02/01/2022,06:08:02 م,61.5
23,314,22,03/01/2022,05:44:58 م,227.5
40,931,1,04/01/2022,05:02:01 م,161
14,852,0,02/01/2022,06:09:36 م,
15,1697,22,02/01/2022,10:07:29 م,332
24,168,22,03/01/2022,06:37:02 م,143
41,2031,22,04/01/2022,05:53:08 م,100
25,905,22,03/01/2022,07:30:46 م,3321.5
26,649,1,03/01/2022,09:14:56 م,1370
27,151,1,03/01/2022,09:16:27 م,62
28,680,23,03/01/2022,09:17:06 م,72
29,1172,1,03/01/2022,09:18:50 م,1046
42,1036,23,04/01/2022,07:28:44 م,101
62,977,15,05/01/2022,01:52:28 م,19.5
30,710,1,03/01/2022,09:21:26 م,561
76,1204,23,06/01/2022,04:45:26 م,162
138,733,23,10/01/2022,12:09:30 م,24.5
146,968,15,11/01/2022,11:12:33 ص,485
120,1688,1,09/01/2022,04:33:12 م,562.5
98,431,15,08/01/2022,03:26:40 م,411
43,649,1,04/01/2022,08:03:17 م,2282.5
31,1004,23,03/01/2022,09:49:52 م,656
63,1688,1,05/01/2022,02:19:48 م,337.5
77,1204,23,06/01/2022,04:46:53 م,87
139,680,23,10/01/2022,12:10:01 م,94
121,753,23,09/01/2022,04:36:22 م,
44,144,,04/01/2022,08:04:10 م,
45,649,1,04/01/2022,08:04:23 م,
64,2087,15,05/01/2022,03:53:40 م,232
32,198,23,03/01/2022,09:59:26 م,1930
78,1172,1,06/01/2022,04:50:35 م,7
46,1364,22,04/01/2022,09:32:58 م,189
99,614,15,08/01/2022,04:07:01 م,48
65,360,22,05/01/2022,04:10:49 م,340
122,753,23,09/01/2022,04:36:40 م,
33,1633,23,03/01/2022,10:00:58 م,443
47,332,22,04/01/2022,09:36:19 م,
79,1338,1,06/01/2022,04:51:11 م,155
123,753,23,09/01/2022,04:37:05 م,
66,392,1,05/01/2022,04:11:48 م,546
48,368,1,04/01/2022,09:37:46 م,432
100,716,22,08/01/2022,04:22:14 م,199
49,1498,22,04/01/2022,09:38:53 م,71
80,1335,1,06/01/2022,04:52:00 م,1335
67,733,23,05/01/2022,04:13:06 م,610
101,1714,22,08/01/2022,04:22:33 م,132
50,391,22,04/01/2022,09:39:30 م,122
81,1633,23,06/01/2022,04:52:37 م,362.5
68,956,22,05/01/2022,06:26:19 م,4732.5
51,391,22,04/01/2022,09:40:09 م,1535
82,205,1,06/01/2022,04:56:45 م,103
69,242,23,05/01/2022,07:45:07 م,
52,1689,22,04/01/2022,09:41:25 م,
70,242,23,05/01/2022,07:45:30 م,
53,1689,22,04/01/2022,09:42:11 م,280
71,1867,15,05/01/2022,07:59:32 م,122
83,733,23,06/01/2022,05:51:20 م,
54,297,1,04/01/2022,10:09:12 م,1309
72,559,1,05/01/2022,08:37:26 م,2525
55,2057,1,04/01/2022,10:11:15 م,304
56,1172,1,04/01/2022,10:24:34 م,86
84,273,23,06/01/2022,06:11:43 م,310
102,1902,22,08/01/2022,04:56:15 م,373.5
124,391,22,09/01/2022,04:44:11 م,62.5
140,414,1,10/01/2022,01:45:18 م,196
147,330,23,11/01/2022,01:45:40 م,
155,1652,15,12/01/2022,12:55:39 م,125
163,733,23,13/01/2022,04:45:36 م,272
172,709,15,15/01/2022,11:58:16 ص,
311,199,23,26/01/2022,11:13:54 ص,35.5
85,360,22,06/01/2022,07:43:06 م,61.5
103,1954,22,08/01/2022,04:56:46 م,46.5
148,330,23,11/01/2022,01:45:46 م,753
125,753,23,09/01/2022,04:45:35 م,55
86,499,22,06/01/2022,07:45:42 م,183
141,315,1,10/01/2022,04:11:10 م,828.5
156,2142,0,12/01/2022,12:59:32 م,36.5
104,1697,22,08/01/2022,04:58:05 م,377.5
126,666,15,09/01/2022,05:54:09 م,90
87,2059,22,06/01/2022,09:06:32 م,228
142,601,23,10/01/2022,07:18:45 م,323
88,625,1,06/01/2022,09:07:02 م,302
127,392,1,09/01/2022,06:11:32 م,384
105,1597,15,08/01/2022,05:06:04 م,124
149,858,22,11/01/2022,06:13:10 م,230
89,1202,22,06/01/2022,10:04:36 م,132.5
143,667,22,10/01/2022,07:20:25 م,66
128,372,23,09/01/2022,06:12:12 م,452.5
106,1504,15,08/01/2022,06:00:54 م,275
150,685,23,11/01/2022,06:30:26 م,276
90,1714,22,06/01/2022,10:06:02 م,232
144,385,23,10/01/2022,07:21:07 م,669
107,614,15,08/01/2022,06:42:58 م,
129,1085,23,09/01/2022,06:18:11 م,837
91,160,22,06/01/2022,10:17:26 م,4900
108,614,15,08/01/2022,06:43:23 م,142
92,160,22,06/01/2022,10:17:41 م,114
130,1714,22,09/01/2022,08:14:53 م,490
109,174,22,08/01/2022,07:35:27 م,182.5
93,250,22,06/01/2022,10:44:33 م,804
110,688,15,08/01/2022,07:38:47 م,21
131,1698,15,09/01/2022,08:17:04 م,630
94,545,22,06/01/2022,10:45:05 م,146
111,905,22,08/01/2022,08:13:14 م,641
95,1561,22,06/01/2022,11:12:21 م,1120
112,905,22,08/01/2022,08:17:10 م,108.5
113,216,23,08/01/2022,09:09:15 م,270
114,588,23,08/01/2022,09:10:44 م,566
115,1716,23,08/01/2022,10:13:02 م,446
116,210,1,08/01/2022,10:31:36 م,2720
132,542,1,09/01/2022,08:22:26 م,
145,368,1,10/01/2022,09:50:52 م,65
151,653,22,11/01/2022,06:31:27 م,138
157,430,22,12/01/2022,01:02:23 م,61
164,366,22,13/01/2022,04:53:14 م,45.5
173,709,15,15/01/2022,11:58:38 ص,49
187,159,23,16/01/2022,12:10:11 م,384
133,1990,22,09/01/2022,09:45:00 م,
117,472,1,08/01/2022,10:39:20 م,32
198,748,23,17/01/2022,10:51:56 ص,320
217,992,22,18/01/2022,11:15:31 ص,3820
224,879,15,18/01/2022,07:11:47 م,64
232,1831,22,19/01/2022,01:52:54 م,129
152,1601,22,11/01/2022,07:22:40 م,13
134,312,1,09/01/2022,09:45:49 م,185
158,1615,22,12/01/2022,01:22:44 م,385
118,210,1,08/01/2022,10:40:01 م,61.5
165,1311,1,13/01/2022,08:08:46 م,94
174,1635,15,15/01/2022,12:51:35 م,149
188,2068,15,16/01/2022,01:00:38 م,82.5
153,1714,22,11/01/2022,08:17:54 م,114
199,733,23,17/01/2022,10:56:38 ص,861
159,1698,15,12/01/2022,03:09:55 م,89
135,542,1,09/01/2022,09:54:36 م,770
218,144,37,18/01/2022,11:18:59 ص,
166,218,22,13/01/2022,08:09:27 م,364
154,199,23,11/01/2022,09:19:11 م,62.5
175,2059,22,15/01/2022,02:00:30 م,
137,301,22,09/01/2022,10:05:03 م,42.5
189,429,1,16/01/2022,04:04:46 م,247
160,1610,15,12/01/2022,03:13:54 م,125.5
167,1716,23,13/01/2022,09:23:14 م,
176,1902,22,15/01/2022,02:01:41 م,747
161,367,15,12/01/2022,04:22:42 م,
200,733,23,17/01/2022,10:57:23 ص,
190,429,1,16/01/2022,04:05:03 م,142.5
168,1716,23,13/01/2022,09:23:34 م,381
162,2137,15,12/01/2022,06:04:53 م,
201,733,23,17/01/2022,10:57:43 ص,
191,2018,1,16/01/2022,06:01:04 م,201
177,1189,15,15/01/2022,02:46:56 م,65
169,685,23,13/01/2022,10:06:01 م,72
192,2137,15,16/01/2022,06:18:05 م,179
170,496,22,13/01/2022,10:20:23 م,257
178,261,1,15/01/2022,05:01:35 م,800
171,625,1,13/01/2022,10:31:55 م,187.8
179,552,22,15/01/2022,06:33:31 م,96
180,1189,15,15/01/2022,06:40:23 م,55
181,1481,22,15/01/2022,07:30:59 م,811.5
182,935,22,15/01/2022,08:50:55 م,480
193,151,1,16/01/2022,06:40:52 م,83.5
202,733,23,17/01/2022,10:59:28 ص,
219,733,23,18/01/2022,11:19:20 ص,1658.25
225,685,23,18/01/2022,07:12:31 م,68
233,620,15,19/01/2022,01:53:25 م,
242,2147,0,20/01/2022,11:38:24 ص,44
253,329,23,20/01/2022,09:56:03 م,65
255,351,22,22/01/2022,11:23:29 ص,46.5
183,2105,22,15/01/2022,08:53:43 م,380
203,233,22,17/01/2022,11:10:48 ص,1610.5
260,150,23,22/01/2022,07:55:41 م,200
220,733,23,18/01/2022,11:29:38 ص,
194,1635,15,16/01/2022,07:32:52 م,39.75
184,2142,0,15/01/2022,08:54:47 م,132
226,599,22,18/01/2022,07:13:47 م,560
221,733,23,18/01/2022,11:30:40 ص,110
234,210,1,19/01/2022,06:20:06 م,5375
243,1036,23,20/01/2022,02:31:02 م,124
195,2116,22,16/01/2022,07:33:59 م,175
185,730,1,15/01/2022,09:27:43 م,54
256,174,22,22/01/2022,11:52:32 ص,70
222,1715,22,18/01/2022,02:34:14 م,592
227,301,22,18/01/2022,07:27:07 م,
186,1633,23,15/01/2022,10:09:31 م,210
196,1489,22,16/01/2022,07:51:50 م,415.5
244,1084,15,20/01/2022,02:35:31 م,93
228,301,22,18/01/2022,07:27:27 م,
223,301,22,18/01/2022,05:14:36 م,
197,748,23,16/01/2022,09:02:00 م,125
235,366,22,19/01/2022,08:24:14 م,90
229,301,22,18/01/2022,09:28:19 م,295
236,1202,22,19/01/2022,08:26:30 م,476
204,733,23,17/01/2022,01:03:11 م,228
230,296,1,18/01/2022,10:21:49 م,275
237,2147,0,19/01/2022,08:29:04 م,100
231,2142,0,18/01/2022,11:00:19 م,320
205,2027,1,17/01/2022,02:53:11 م,192.75
206,144,,17/01/2022,02:54:05 م,
207,2027,1,17/01/2022,02:54:49 م,110
208,566,1,17/01/2022,04:19:56 م,311
209,372,23,17/01/2022,05:14:59 م,
210,372,23,17/01/2022,05:20:11 م,27.5
211,336,23,17/01/2022,05:20:25 م,798
212,199,23,17/01/2022,05:28:56 م,
213,199,23,17/01/2022,05:30:09 م,38
214,1873,1,17/01/2022,05:30:48 م,
215,490,23,17/01/2022,07:37:11 م,42
216,1633,23,17/01/2022,08:17:45 م,24
238,1633,23,19/01/2022,08:39:51 م,35
245,421,22,20/01/2022,05:04:22 م,264
261,552,22,22/01/2022,07:56:19 م,278
268,174,22,23/01/2022,01:37:08 م,138
257,552,22,22/01/2022,06:38:30 م,325
284,733,23,24/01/2022,11:32:56 ص,1721
298,2124,0,25/01/2022,11:39:51 ص,37
301,171,23,25/01/2022,04:03:52 م,672
312,1335,1,26/01/2022,11:14:53 ص,576
239,710,1,19/01/2022,09:22:41 م,141
313,192,22,27/01/2022,02:42:31 م,952.5
246,233,22,20/01/2022,05:22:01 م,1161.6
329,430,22,29/01/2022,11:54:59 ص,60
363,168,22,30/01/2022,11:45:32 ص,449
258,513,1,22/01/2022,07:40:47 م,72
240,593,1,19/01/2022,09:31:52 م,250
269,682,22,23/01/2022,02:37:47 م,63.5
299,955,23,25/01/2022,11:51:27 ص,329
285,1714,22,24/01/2022,12:06:13 م,295.5
302,2147,0,25/01/2022,04:17:21 م,296
241,354,1,19/01/2022,09:34:36 م,44
259,250,22,22/01/2022,07:47:31 م,112.5
247,733,23,20/01/2022,05:22:27 م,104.5
270,368,1,23/01/2022,02:38:29 م,132
271,173,1,23/01/2022,03:00:19 م,378
262,420,1,22/01/2022,07:56:54 م,78
286,1714,22,24/01/2022,12:11:27 م,636
300,170,23,25/01/2022,02:52:35 م,975
263,1481,22,22/01/2022,07:57:42 م,66
287,1603,22,24/01/2022,12:12:20 م,255
272,1311,1,23/01/2022,05:16:18 م,35
264,736,23,22/01/2022,08:10:32 م,405
248,733,23,20/01/2022,05:23:05 م,192.5
288,261,1,24/01/2022,02:10:10 م,
265,1697,22,22/01/2022,08:35:57 م,1120
273,477,15,23/01/2022,05:18:03 م,135
289,261,1,24/01/2022,02:10:28 م,400
266,988,22,22/01/2022,09:41:15 م,253
274,734,1,23/01/2022,06:26:34 م,915
267,736,23,22/01/2022,09:45:36 م,231
275,242,23,23/01/2022,06:26:49 م,60.8
249,2105,22,20/01/2022,07:06:23 م,
250,600,23,20/01/2022,07:22:04 م,139
276,386,22,23/01/2022,06:55:32 م,133
251,653,22,20/01/2022,07:31:43 م,422
277,2097,15,23/01/2022,06:55:42 م,15
252,159,23,20/01/2022,07:47:24 م,102
254,391,22,20/01/2022,09:56:44 م,67
278,210,1,23/01/2022,07:21:49 م,274.5
290,1985,15,24/01/2022,06:23:46 م,132
303,1755,22,25/01/2022,04:17:42 م,250
314,329,23,27/01/2022,02:47:25 م,68
330,905,22,29/01/2022,11:59:35 ص,385
364,1633,23,30/01/2022,11:46:11 ص,118
369,2079,1,31/01/2022,11:51:46 ص,33.5
395,1172,1,02/02/2022,01:34:44 م,350.5
411,292,1,03/02/2022,07:53:02 م,
291,168,22,24/01/2022,07:08:33 م,517
279,1061,1,23/01/2022,07:22:24 م,
304,174,22,25/01/2022,04:18:58 م,316.5
331,682,22,29/01/2022,12:25:33 م,70
280,1061,1,23/01/2022,07:22:37 م,140
315,477,15,27/01/2022,03:05:52 م,117
365,733,23,30/01/2022,06:46:28 م,286
305,649,1,25/01/2022,05:00:12 م,1175
370,368,1,31/01/2022,12:58:21 م,3161
292,750,23,24/01/2022,07:09:50 م,196
388,1036,23,01/02/2022,05:02:00 م,315
281,210,1,23/01/2022,08:45:18 م,366.5
332,2158,22,29/01/2022,12:26:39 م,135
316,956,22,27/01/2022,03:45:06 م,209.5
306,292,1,25/01/2022,06:05:31 م,228
293,1633,23,24/01/2022,07:11:30 م,72
366,315,1,30/01/2022,07:00:17 م,202
282,330,23,23/01/2022,08:45:49 م,105
307,1504,15,25/01/2022,06:09:02 م,93
294,1294,22,24/01/2022,07:12:26 م,90
333,151,1,29/01/2022,12:51:06 م,534.5
283,2079,1,23/01/2022,09:47:40 م,
317,1561,22,27/01/2022,03:57:08 م,3270
367,545,22,30/01/2022,08:59:55 م,2485
295,468,23,24/01/2022,07:59:28 م,290
308,1962,1,25/01/2022,06:21:59 م,169.5
318,314,22,27/01/2022,04:56:42 م,
296,171,23,24/01/2022,08:24:11 م,1920
309,753,23,25/01/2022,06:52:55 م,485
319,314,22,27/01/2022,04:57:13 م,90
297,236,23,24/01/2022,08:54:17 م,65
310,2147,0,25/01/2022,07:30:34 م,88
320,420,1,27/01/2022,04:57:57 م,140
334,583,23,29/01/2022,12:56:42 م,208
321,694,22,27/01/2022,06:22:56 م,167
322,673,22,27/01/2022,06:23:29 م,374
323,694,22,27/01/2022,06:28:48 م,43
324,1633,23,27/01/2022,09:56:44 م,199.5
325,405,22,27/01/2022,09:59:37 م,531
335,1145,22,29/01/2022,01:03:32 م,
371,231,22,31/01/2022,02:13:12 م,319
384,177,1,01/02/2022,11:33:41 ص,51.5
394,615,15,02/02/2022,10:28:21 ص,80
405,1902,22,03/02/2022,03:52:29 م,
426,1481,22,05/02/2022,12:00:25 م,403.5
336,1145,22,29/01/2022,01:03:42 م,189.5
451,174,22,06/02/2022,01:10:33 م,
469,210,1,07/02/2022,02:14:36 م,35
368,935,22,30/01/2022,09:42:31 م,60
372,251,1,31/01/2022,04:18:28 م,87.5
385,159,23,01/02/2022,03:51:36 م,177
326,1714,22,27/01/2022,10:35:25 م,119
396,412,15,02/02/2022,02:58:12 م,212
337,753,23,29/01/2022,01:07:26 م,46
412,292,1,03/02/2022,07:53:49 م,220
427,736,23,05/02/2022,12:00:52 م,
373,2020,15,31/01/2022,04:40:13 م,97.5
327,1714,22,27/01/2022,10:36:33 م,160
338,368,1,29/01/2022,01:09:00 م,55
397,2142,0,02/02/2022,06:32:58 م,
374,251,1,31/01/2022,04:41:16 م,
328,1714,22,27/01/2022,10:53:01 م,318
413,588,23,03/02/2022,08:40:25 م,90
386,733,23,01/02/2022,03:51:56 م,1928.5
339,151,1,29/01/2022,01:19:46 م,306
375,753,23,31/01/2022,05:37:22 م,926.75
398,336,23,02/02/2022,06:33:33 م,57
399,250,22,02/02/2022,06:33:55 م,
340,405,22,29/01/2022,01:24:01 م,116.75
400,250,22,02/02/2022,06:36:35 م,272
387,218,22,01/02/2022,03:52:43 م,195
341,733,23,29/01/2022,02:37:29 م,430
376,685,23,31/01/2022,05:38:22 م,55.5
342,2138,15,29/01/2022,03:37:31 م,138.5
377,1311,1,31/01/2022,06:25:28 م,188
343,2138,15,29/01/2022,03:37:54 م,201.5
378,703,22,31/01/2022,06:40:57 م,137.5
344,210,1,29/01/2022,03:46:41 م,610
379,198,23,31/01/2022,08:29:45 م,191
345,1399,0,29/01/2022,04:19:07 م,
361,653,22,30/01/2022,10:49:26 ص,290
346,1770,23,29/01/2022,04:28:51 م,704
347,1770,23,29/01/2022,04:53:23 م,699
348,276,15,29/01/2022,05:32:16 م,210.25
349,2057,1,29/01/2022,08:07:09 م,
350,2057,1,29/01/2022,08:09:19 م,34
351,2057,1,29/01/2022,08:10:59 م,9
380,192,22,31/01/2022,09:08:45 م,185
401,2142,0,02/02/2022,06:37:27 م,227
428,2070,23,05/02/2022,02:12:57 م,463.5
452,174,22,06/02/2022,01:11:09 م,280.5
414,685,23,03/02/2022,08:41:26 م,354
470,685,23,07/02/2022,02:25:44 م,76
487,332,22,08/02/2022,11:03:32 ص,74
513,601,23,09/02/2022,12:53:52 م,128.5
381,517,22,31/01/2022,09:21:41 م,231.25
402,918,22,02/02/2022,07:58:30 م,786
352,2057,1,29/01/2022,08:14:19 م,192
453,649,1,06/02/2022,01:52:39 م,134
429,391,22,05/02/2022,02:51:41 م,272
415,918,22,03/02/2022,09:47:59 م,1687.5
471,614,15,07/02/2022,04:13:03 م,280
382,1714,22,31/01/2022,09:47:17 م,435.5
353,183,1,29/01/2022,08:14:52 م,
403,2158,22,02/02/2022,10:08:58 م,151
454,2168,23,06/02/2022,01:52:58 م,115
354,183,1,29/01/2022,08:15:19 م,136
430,1863,23,05/02/2022,02:56:14 م,128
416,1254,22,03/02/2022,09:59:54 م,504
404,1902,22,03/02/2022,01:09:43 م,1322
383,272,22,31/01/2022,09:47:42 م,2720
355,1689,22,29/01/2022,08:45:25 م,1049.5
455,1364,22,06/02/2022,02:58:18 م,300
431,391,22,05/02/2022,04:26:26 م,362
389,2055,22,01/02/2022,05:03:10 م,
406,1902,22,03/02/2022,03:52:58 م,
390,2055,22,01/02/2022,05:09:51 م,156
432,1714,22,05/02/2022,05:27:51 م,46.25
407,1498,22,03/02/2022,03:54:03 م,365.5
356,1697,22,29/01/2022,08:47:03 م,829.5
433,1731,23,05/02/2022,05:29:33 م,140
391,733,23,01/02/2022,05:12:26 م,
408,1902,22,03/02/2022,03:55:35 م,
392,653,22,01/02/2022,06:28:52 م,49
434,151,1,05/02/2022,05:29:59 م,344
357,748,23,29/01/2022,08:47:42 م,264
358,600,23,29/01/2022,10:43:14 م,105
409,2059,22,03/02/2022,04:07:14 م,
393,733,23,01/02/2022,09:04:40 م,600
359,542,1,30/01/2022,10:45:58 ص,282.5
410,1902,22,03/02/2022,04:07:53 م,220
360,653,22,30/01/2022,10:48:54 ص,
362,543,1,30/01/2022,10:50:36 ص,108
417,216,23,03/02/2022,10:00:32 م,300
418,1335,1,03/02/2022,10:00:51 م,45
435,360,22,05/02/2022,05:31:35 م,75
450,1507,23,06/02/2022,11:53:19 ص,247
472,1678,1,07/02/2022,05:12:00 م,340
488,649,1,08/02/2022,01:14:40 م,167
514,1561,22,09/02/2022,03:50:45 م,
529,614,15,10/02/2022,11:30:39 ص,179
560,354,1,12/02/2022,11:45:13 ص,210.5
419,360,22,03/02/2022,10:02:10 م,135.5
436,1001,22,05/02/2022,05:32:28 م,1441.5
456,730,1,06/02/2022,02:58:51 م,92
515,1561,22,09/02/2022,03:50:51 م,730.5
473,174,22,07/02/2022,06:35:04 م,250
489,694,22,08/02/2022,03:05:20 م,
420,693,22,03/02/2022,10:02:28 م,174
490,694,22,08/02/2022,03:05:49 م,135
437,1902,22,05/02/2022,06:16:23 م,118
457,1841,15,06/02/2022,05:25:32 م,138
421,159,23,03/02/2022,10:09:02 م,95
474,250,22,07/02/2022,06:43:22 م,135
438,1568,1,05/02/2022,06:17:18 م,6
491,751,23,08/02/2022,03:21:40 م,340.5
458,368,1,06/02/2022,06:57:36 م,825
422,2142,0,03/02/2022,10:21:40 م,1000
475,858,22,07/02/2022,07:45:00 م,305
439,2031,22,05/02/2022,07:03:59 م,74.5
459,472,1,06/02/2022,07:43:11 م,257
476,1990,22,07/02/2022,07:50:19 م,74.5
423,1507,23,03/02/2022,10:56:47 م,122
440,1697,22,05/02/2022,07:05:23 م,748
460,261,1,06/02/2022,07:43:28 م,1700
424,1121,1,03/02/2022,11:02:03 م,1760
477,632,15,07/02/2022,08:12:59 م,850
441,1711,1,05/02/2022,08:39:20 م,344
461,653,22,06/02/2022,07:44:46 م,1021.5
442,709,15,05/02/2022,08:39:39 م,498
425,1633,23,03/02/2022,11:30:12 م,118
462,174,22,06/02/2022,07:45:41 م,76.75
443,1190,1,05/02/2022,08:39:56 م,342
463,753,23,06/02/2022,08:58:02 م,394
444,2035,22,05/02/2022,10:14:19 م,62
445,386,22,05/02/2022,10:15:03 م,167
464,256,23,06/02/2022,08:59:09 م,447
446,667,22,05/02/2022,10:20:49 م,169
447,168,22,05/02/2022,10:21:07 م,147
448,653,22,05/02/2022,10:21:26 م,58
449,232,0,05/02/2022,10:21:53 م,62
465,1633,23,06/02/2022,09:00:10 م,118
478,905,22,07/02/2022,08:20:41 م,352.5
516,168,22,09/02/2022,06:16:19 م,249.5
530,326,23,10/02/2022,02:14:41 م,26
561,233,22,12/02/2022,12:56:24 م,867.7
589,748,23,14/02/2022,01:41:05 م,
492,733,23,08/02/2022,05:05:11 م,
466,2142,0,06/02/2022,09:38:51 م,1102.5
615,1202,22,15/02/2022,12:05:37 م,92.5
576,1822,22,13/02/2022,01:07:52 م,444
627,144,37,16/02/2022,01:38:26 م,
479,905,22,07/02/2022,08:20:59 م,
493,733,23,08/02/2022,05:06:24 م,228.5
517,1963,22,09/02/2022,06:20:41 م,1030
467,1553,23,06/02/2022,09:58:27 م,274.5
480,905,22,07/02/2022,08:21:24 م,1950
531,242,23,10/02/2022,03:07:26 م,
590,2142,0,14/02/2022,04:05:32 م,700
532,242,23,10/02/2022,03:07:42 م,201
494,392,1,08/02/2022,05:07:20 م,82
481,559,1,07/02/2022,08:50:57 م,3608.5
468,625,1,06/02/2022,09:59:25 م,350
577,905,22,13/02/2022,01:08:42 م,459.5
495,329,23,08/02/2022,06:09:46 م,68
533,1776,15,10/02/2022,03:08:19 م,341
518,2147,0,09/02/2022,06:38:32 م,192
482,885,23,07/02/2022,08:55:43 م,221.5
496,931,1,08/02/2022,06:11:48 م,
519,1714,22,09/02/2022,06:39:17 م,92.5
483,733,23,07/02/2022,08:56:35 م,524
497,931,1,08/02/2022,06:12:15 م,
534,272,22,10/02/2022,03:10:10 م,921
498,502,23,08/02/2022,06:12:39 م,208
484,733,23,07/02/2022,08:57:00 م,68.6
520,601,23,09/02/2022,06:40:03 م,
521,601,23,09/02/2022,06:41:03 م,44
499,858,22,08/02/2022,06:13:03 م,12
485,173,1,07/02/2022,09:17:52 م,270
500,513,1,08/02/2022,06:41:20 م,300
522,552,22,09/02/2022,08:29:13 م,88
486,1633,23,07/02/2022,09:18:28 م,298
501,1716,23,08/02/2022,06:42:32 م,
523,1805,1,09/02/2022,09:28:05 م,6000
502,1716,23,08/02/2022,06:42:54 م,58
524,1254,22,09/02/2022,09:28:29 م,621
503,1716,23,08/02/2022,06:43:21 م,94.5
504,189,1,08/02/2022,07:39:50 م,1680
505,2142,22,08/02/2022,08:10:24 م,660
506,2142,0,08/02/2022,08:25:24 م,
507,2142,22,08/02/2022,08:25:50 م,540
525,704,1,09/02/2022,09:28:48 م,330
535,405,22,10/02/2022,03:10:33 م,1468
562,233,22,12/02/2022,01:00:55 م,75
578,210,1,13/02/2022,03:09:52 م,88
591,905,22,14/02/2022,04:29:42 م,
616,468,23,15/02/2022,01:53:57 م,780
628,750,23,16/02/2022,02:52:18 م,
663,261,1,17/02/2022,03:08:05 م,41.5
508,1770,23,08/02/2022,08:34:23 م,304
526,1522,1,09/02/2022,09:40:52 م,270
536,1867,15,10/02/2022,04:09:36 م,1560
592,905,22,14/02/2022,04:31:37 م,822
579,1770,23,13/02/2022,06:19:15 م,892
509,1770,23,08/02/2022,09:00:43 م,185
527,1522,1,09/02/2022,09:41:28 م,45
617,290,15,15/02/2022,02:14:02 م,313
537,1715,22,10/02/2022,04:10:14 م,1225
580,2171,1,13/02/2022,06:34:58 م,172
563,242,23,12/02/2022,02:12:21 م,104
528,1522,1,09/02/2022,09:42:29 م,45
510,905,22,08/02/2022,09:01:26 م,297.5
593,288,22,14/02/2022,04:32:21 م,69
538,368,1,10/02/2022,06:53:55 م,354
564,198,23,12/02/2022,02:40:40 م,291
511,396,22,08/02/2022,10:51:39 م,
581,259,1,13/02/2022,06:44:35 م,1005
539,709,15,10/02/2022,07:47:50 م,67.5
512,396,22,08/02/2022,10:52:47 م,1261
565,1061,1,12/02/2022,03:18:33 م,321
540,529,14,10/02/2022,08:02:06 م,69562.5
582,336,23,13/02/2022,07:47:29 م,490
566,1633,23,12/02/2022,06:28:09 م,141
583,199,23,13/02/2022,07:47:50 م,39
567,391,22,12/02/2022,07:07:27 م,367.5
541,614,15,10/02/2022,08:17:17 م,
568,1164,22,12/02/2022,07:08:05 م,248
542,614,15,10/02/2022,08:17:22 م,107
543,671,22,10/02/2022,08:19:38 م,435
569,1705,23,12/02/2022,08:23:08 م,45
570,330,23,12/02/2022,08:28:51 م,345
544,2142,0,10/02/2022,08:40:25 م,250
545,1689,22,10/02/2022,08:40:44 م,59
546,723,15,10/02/2022,08:41:00 م,
547,2158,22,10/02/2022,09:22:08 م,368
548,2154,15,10/02/2022,09:29:14 م,50
549,284,1,10/02/2022,09:43:07 م,1272
571,552,22,12/02/2022,08:29:58 م,92
550,2027,1,10/02/2022,09:44:37 م,168
573,173,1,13/02/2022,10:06:10 ص,435
594,748,23,14/02/2022,05:05:32 م,
618,233,22,15/02/2022,04:18:56 م,174
629,750,23,16/02/2022,02:52:37 م,448
664,2184,15,17/02/2022,03:28:49 م,142
686,1715,22,20/02/2022,02:26:46 م,
694,600,23,21/02/2022,11:33:33 ص,130
551,212,22,10/02/2022,10:28:16 م,72.5
572,1705,23,12/02/2022,08:43:59 م,93
619,233,22,15/02/2022,04:20:10 م,
584,1633,23,13/02/2022,07:48:12 م,155
630,1422,23,16/02/2022,02:53:25 م,288
552,1770,23,10/02/2022,10:29:04 م,72
660,905,22,17/02/2022,11:16:15 ص,330
595,360,22,14/02/2022,05:38:09 م,
574,1311,1,13/02/2022,10:12:23 ص,2485
676,396,22,19/02/2022,02:44:10 م,3210
620,502,23,15/02/2022,05:06:33 م,108.5
553,1688,1,10/02/2022,10:37:00 م,
596,360,22,14/02/2022,05:38:48 م,
575,1116,22,13/02/2022,10:52:00 ص,159.5
554,1688,1,10/02/2022,10:37:54 م,
631,1422,23,16/02/2022,02:54:19 م,
597,360,22,14/02/2022,05:39:02 م,
555,1688,1,10/02/2022,10:42:04 م,39
621,653,22,15/02/2022,08:25:57 م,32
598,360,22,14/02/2022,05:39:13 م,
632,1422,23,16/02/2022,02:55:06 م,200
585,2171,1,13/02/2022,08:30:47 م,44.5
556,2154,15,10/02/2022,10:48:42 م,35.75
599,159,23,14/02/2022,05:41:45 م,132
557,694,22,10/02/2022,11:12:57 م,150
586,183,1,13/02/2022,09:26:40 م,44
633,1841,15,16/02/2022,02:55:34 م,137
622,905,22,15/02/2022,09:03:16 م,342.5
600,490,23,14/02/2022,05:47:01 م,191
558,2079,1,10/02/2022,11:29:41 م,600
587,615,15,14/02/2022,09:49:21 ص,77
623,1121,1,15/02/2022,09:33:41 م,213
559,318,23,10/02/2022,11:34:04 م,130
588,750,23,14/02/2022,11:17:00 ص,277
624,1770,23,15/02/2022,09:37:43 م,
625,1770,23,15/02/2022,09:38:17 م,67.5
601,159,23,14/02/2022,05:51:19 م,311
602,748,23,14/02/2022,05:54:11 م,249
603,1615,22,14/02/2022,06:29:42 م,565
604,1164,22,14/02/2022,06:30:20 م,42.5
605,294,23,14/02/2022,06:30:58 م,49
626,242,23,15/02/2022,09:39:01 م,106.5
634,368,1,16/02/2022,03:24:49 م,
677,1254,22,19/02/2022,03:08:22 م,330
687,1715,22,20/02/2022,02:34:04 م,465
665,753,23,17/02/2022,03:51:48 م,122
695,438,23,21/02/2022,11:34:07 ص,55.5
718,1862,1,22/02/2022,03:04:47 م,57
635,368,1,16/02/2022,03:25:21 م,524
606,748,23,14/02/2022,06:32:46 م,452.5
724,391,22,23/02/2022,01:27:33 م,67
678,531,23,19/02/2022,06:50:13 م,343
666,667,22,17/02/2022,05:42:33 م,113
636,653,22,16/02/2022,03:50:25 م,290
661,905,22,17/02/2022,11:16:48 ص,342
688,159,23,20/02/2022,04:42:41 م,99
607,159,23,14/02/2022,06:50:43 م,
696,955,23,21/02/2022,11:38:12 ص,390
608,159,23,14/02/2022,06:51:31 م,348
637,1770,23,16/02/2022,03:51:06 م,921
679,531,23,19/02/2022,08:38:08 م,
609,659,23,14/02/2022,06:54:03 م,133
680,315,1,19/02/2022,08:43:17 م,57.5
667,151,1,17/02/2022,05:43:03 م,151
638,160,22,16/02/2022,05:21:37 م,
662,1689,22,17/02/2022,03:04:05 م,66.75
683,653,22,20/02/2022,12:39:53 م,178
610,956,22,14/02/2022,08:17:30 م,156
611,1954,22,14/02/2022,08:18:08 م,2527.5
639,160,22,16/02/2022,05:22:54 م,372
681,1770,23,19/02/2022,11:11:30 م,160
684,1498,22,20/02/2022,12:40:35 م,
640,160,22,16/02/2022,05:24:12 م,282
668,1522,1,17/02/2022,06:30:14 م,880
682,1770,23,19/02/2022,11:11:53 م,16.58
612,1954,22,14/02/2022,08:20:36 م,45
641,1863,23,16/02/2022,05:32:44 م,
613,2035,22,14/02/2022,10:16:13 م,
669,1831,22,17/02/2022,09:00:33 م,77.5
642,160,22,16/02/2022,05:34:14 م,
614,2035,22,14/02/2022,10:16:36 م,134
670,169,23,17/02/2022,09:18:46 م,97.5
643,1652,15,16/02/2022,06:37:09 م,
644,1652,15,16/02/2022,06:40:07 م,150
671,212,22,17/02/2022,10:03:51 م,42.5
645,261,1,16/02/2022,07:05:56 م,
646,261,1,16/02/2022,07:06:45 م,525
647,315,1,16/02/2022,08:22:12 م,455
648,2057,1,16/02/2022,08:31:54 م,579
649,242,23,16/02/2022,09:03:00 م,
672,216,23,17/02/2022,10:04:26 م,108
698,391,22,21/02/2022,12:44:54 م,682
717,334,15,22/02/2022,02:10:41 م,150
685,1498,22,20/02/2022,12:41:02 م,282
693,210,1,21/02/2022,11:09:44 ص,510
650,242,23,16/02/2022,09:03:10 م,
719,1164,22,22/02/2022,05:12:45 م,287
723,430,22,23/02/2022,12:48:00 م,465
733,2170,1,24/02/2022,12:58:22 م,97.5
756,748,23,26/02/2022,04:34:54 م,280
768,2142,0,27/02/2022,11:28:26 ص,1722
651,242,23,16/02/2022,09:03:48 م,
779,2180,0,28/02/2022,05:30:06 م,176
689,1190,1,20/02/2022,05:00:17 م,354
697,1487,15,21/02/2022,11:56:54 ص,336
652,242,23,16/02/2022,09:04:34 م,
673,1407,23,17/02/2022,10:05:51 م,100
653,242,23,16/02/2022,09:08:12 م,125
734,1422,23,24/02/2022,03:27:07 م,248
725,1960,22,23/02/2022,01:27:51 م,326
690,1190,1,20/02/2022,05:01:28 م,349
757,345,22,26/02/2022,04:35:24 م,379.5
720,918,22,22/02/2022,06:51:51 م,60.5
654,174,22,16/02/2022,09:30:35 م,115
674,552,22,17/02/2022,10:57:34 م,93
726,1821,23,23/02/2022,03:10:16 م,208
655,1060,22,16/02/2022,09:31:24 م,344
699,1831,22,21/02/2022,12:51:01 م,825
735,210,1,24/02/2022,04:18:26 م,5600
675,373,22,19/02/2022,01:50:12 م,85
656,2105,22,16/02/2022,09:32:07 م,72
727,2139,15,23/02/2022,05:01:35 م,314
691,1311,1,20/02/2022,06:40:36 م,2594
700,236,23,21/02/2022,01:04:52 م,144
721,918,22,22/02/2022,07:05:21 م,1665
657,620,15,16/02/2022,09:32:39 م,280
701,236,23,21/02/2022,01:06:57 م,72
658,2070,23,16/02/2022,09:33:58 م,278
722,1805,1,22/02/2022,09:38:45 م,1390
692,502,23,20/02/2022,06:59:25 م,77
659,250,22,16/02/2022,09:34:28 م,830
702,420,1,21/02/2022,02:17:48 م,89.5
703,231,22,21/02/2022,02:41:29 م,88.5
704,151,1,21/02/2022,02:46:25 م,155
705,496,22,21/02/2022,02:47:02 م,193
706,296,1,21/02/2022,03:23:48 م,96
707,255,1,21/02/2022,04:27:16 م,498
728,595,22,23/02/2022,05:46:09 م,150
736,315,1,24/02/2022,04:19:40 م,
758,270,23,26/02/2022,04:35:56 م,185
769,1854,15,27/02/2022,02:33:47 م,268.5
777,753,23,28/02/2022,12:39:35 م,129
780,733,23,28/02/2022,05:30:26 م,48
791,1495,15,01/03/2022,01:06:05 م,422
737,315,1,24/02/2022,04:20:31 م,368
708,2190,0,21/02/2022,05:28:09 م,
801,1789,1,02/03/2022,01:17:36 م,150
729,1714,22,23/02/2022,08:13:51 م,448
709,601,23,21/02/2022,05:28:20 م,173
759,1378,15,26/02/2022,05:07:08 م,150
778,649,1,28/02/2022,12:40:21 م,298
770,625,1,27/02/2022,04:29:57 م,140
730,174,22,23/02/2022,08:50:49 م,55
781,2141,0,28/02/2022,05:30:50 م,375.5
710,553,22,21/02/2022,06:27:21 م,96.5
738,1731,23,24/02/2022,04:21:18 م,260
760,261,1,26/02/2022,05:35:11 م,1525
731,733,23,23/02/2022,09:22:59 م,121
711,173,1,21/02/2022,06:51:56 م,982.5
739,420,1,24/02/2022,04:22:15 م,48
771,1770,23,27/02/2022,04:41:47 م,211
732,1065,1,23/02/2022,09:23:21 م,35
761,730,1,26/02/2022,08:25:21 م,265
740,1862,1,24/02/2022,04:57:26 م,
772,168,22,27/02/2022,06:35:00 م,497
712,320,1,21/02/2022,08:01:36 م,143
762,1689,22,26/02/2022,08:34:22 م,37.5
741,1862,1,24/02/2022,04:58:52 م,124.5
713,2105,22,21/02/2022,08:41:56 م,603
773,673,22,27/02/2022,06:46:45 م,151
763,1981,22,26/02/2022,08:34:47 م,18.75
742,733,23,24/02/2022,05:08:53 م,152
714,655,23,21/02/2022,09:33:56 م,52
764,1697,22,26/02/2022,08:35:19 م,684
743,879,15,24/02/2022,05:57:34 م,44
715,1633,23,21/02/2022,10:47:47 م,413.5
765,421,22,26/02/2022,09:36:18 م,50.5
716,750,23,21/02/2022,10:49:12 م,147
744,542,1,24/02/2022,07:12:56 م,1194
745,242,23,24/02/2022,07:39:19 م,25
746,314,22,24/02/2022,07:40:22 م,130
747,1862,1,24/02/2022,07:50:11 م,57
748,288,22,24/02/2022,07:50:26 م,515.25
749,1689,22,24/02/2022,07:51:09 م,29.5
766,297,1,27/02/2022,10:51:28 ص,44
792,2169,1,01/03/2022,01:24:41 م,4050
839,1689,22,05/03/2022,02:32:18 م,409
856,1036,23,06/03/2022,10:35:57 ص,76
802,1067,15,02/03/2022,02:44:29 م,136
804,315,1,02/03/2022,04:57:29 م,184
819,216,23,03/03/2022,01:33:34 م,218
782,935,22,28/02/2022,05:43:30 م,580
750,218,22,24/02/2022,07:51:41 م,126
886,2142,0,07/03/2022,05:23:46 م,154.5
767,315,1,27/02/2022,10:52:13 ص,276
793,2142,0,01/03/2022,03:02:48 م,153.5
803,1812,15,02/03/2022,03:26:04 م,93
783,1121,1,28/02/2022,05:43:47 م,678
751,553,22,24/02/2022,09:57:10 م,339.5
774,281,23,27/02/2022,08:30:38 م,229
805,513,1,02/03/2022,04:58:00 م,115
820,935,22,03/03/2022,02:25:38 م,90
794,620,15,01/03/2022,03:04:03 م,272
840,1116,22,05/03/2022,02:33:04 م,156
775,1715,22,27/02/2022,09:20:12 م,570
784,935,22,28/02/2022,05:47:53 م,140
752,281,23,24/02/2022,09:57:34 م,154
806,231,22,02/03/2022,04:58:26 م,408
795,315,1,01/03/2022,04:32:11 م,273
776,685,23,27/02/2022,10:44:20 م,524
838,2169,1,03/03/2022,11:33:35 م,345
785,1705,23,28/02/2022,06:30:00 م,175
753,1981,22,24/02/2022,11:22:49 م,
796,1311,1,01/03/2022,04:40:53 م,1138
786,659,23,28/02/2022,08:44:41 م,192
807,618,15,02/03/2022,04:59:48 م,
816,588,23,03/03/2022,12:05:26 م,730
808,614,15,02/03/2022,05:48:32 م,294
787,730,1,28/02/2022,09:15:53 م,606
797,2158,22,01/03/2022,04:42:02 م,154
754,291,23,24/02/2022,11:25:47 م,351
817,183,1,03/03/2022,12:06:28 م,701
809,1145,22,02/03/2022,08:34:25 م,789
788,1633,23,28/02/2022,10:15:24 م,125.5
755,318,23,24/02/2022,11:27:27 م,345
798,405,22,01/03/2022,07:17:21 م,448
789,1355,22,28/02/2022,10:23:46 م,1189.5
799,652,22,01/03/2022,09:20:59 م,213
810,716,22,02/03/2022,09:01:52 م,282
800,858,22,01/03/2022,10:14:38 م,33
790,192,22,28/02/2022,10:28:49 م,
811,472,1,02/03/2022,10:59:11 م,
821,168,22,03/03/2022,03:07:04 م,237
841,1116,22,05/03/2022,02:33:40 م,66.5
857,750,23,06/03/2022,10:38:55 ص,554
890,1715,22,07/03/2022,07:26:09 م,132.5
903,429,1,08/03/2022,02:46:54 م,191
812,649,1,02/03/2022,11:00:41 م,69
917,284,1,09/03/2022,01:15:10 م,414
936,653,22,10/03/2022,01:56:54 م,143
949,1776,15,12/03/2022,11:00:46 ص,60
822,1423,15,03/03/2022,03:11:25 م,68
842,392,1,05/03/2022,02:59:03 م,199.5
813,472,1,02/03/2022,11:03:34 م,80
891,1867,15,07/03/2022,07:26:43 م,297
858,218,22,06/03/2022,11:25:24 ص,192
823,543,1,03/03/2022,04:58:43 م,267
814,472,1,02/03/2022,11:04:15 م,
843,351,22,05/03/2022,03:09:19 م,624
900,192,22,08/03/2022,12:42:24 م,750
824,748,23,03/03/2022,05:40:59 م,15
859,2154,15,06/03/2022,11:25:53 ص,184
815,472,1,02/03/2022,11:05:21 م,67
844,1188,23,05/03/2022,03:10:10 م,661
825,2068,15,03/03/2022,05:50:00 م,95
818,392,1,03/03/2022,12:07:25 م,124
860,686,22,06/03/2022,01:17:04 م,265
845,360,22,05/03/2022,04:06:50 م,263
861,261,1,06/03/2022,01:18:00 م,342
887,2142,0,07/03/2022,05:25:36 م,70.5
826,1254,22,03/03/2022,06:46:27 م,416
846,1487,15,05/03/2022,04:32:43 م,99
862,542,1,06/03/2022,01:36:05 م,1063
885,652,22,07/03/2022,04:04:06 م,
827,1172,1,03/03/2022,06:47:06 م,472.5
847,1903,15,05/03/2022,04:45:36 م,97.5
828,1863,23,03/03/2022,06:47:42 م,170.5
848,1545,15,05/03/2022,04:48:32 م,249
829,655,23,03/03/2022,06:56:08 م,49
849,1716,23,05/03/2022,06:30:51 م,288
830,1831,22,03/03/2022,06:56:37 م,249
850,1963,22,05/03/2022,08:03:32 م,1769
831,685,23,03/03/2022,08:44:13 م,283
832,653,22,03/03/2022,08:44:44 م,102
833,2158,22,03/03/2022,09:48:26 م,444
834,2142,0,03/03/2022,09:50:20 م,76
835,542,1,03/03/2022,10:04:36 م,1435
836,542,1,03/03/2022,10:05:22 م,776
837,212,22,03/03/2022,10:30:01 م,
851,160,22,05/03/2022,08:52:13 م,132.5
863,2180,0,06/03/2022,01:44:31 م,616.5
892,1498,22,07/03/2022,07:27:03 م,1721.5
904,429,1,08/03/2022,02:59:27 م,81
918,301,22,09/03/2022,02:33:53 م,
937,231,22,10/03/2022,01:57:36 م,635
950,733,23,12/03/2022,11:04:49 ص,
976,1355,22,12/03/2022,10:17:49 م,504
852,1355,22,05/03/2022,09:39:30 م,55.5
919,301,22,09/03/2022,02:35:58 م,42.5
864,1311,1,06/03/2022,01:49:31 م,558
905,733,23,08/03/2022,04:46:14 م,569
865,261,1,06/03/2022,01:53:15 م,1525
888,652,22,07/03/2022,05:27:18 م,166
853,1698,15,05/03/2022,09:40:20 م,330
951,733,23,12/03/2022,11:06:27 ص,
920,1495,15,09/03/2022,03:07:51 م,150
854,2154,15,05/03/2022,09:41:47 م,594
893,502,23,07/03/2022,07:27:48 م,102
906,1714,22,08/03/2022,05:44:58 م,605
866,210,1,06/03/2022,02:01:32 م,62.5
889,1954,22,07/03/2022,05:30:50 م,906
855,472,1,05/03/2022,09:46:45 م,733
932,1901,23,10/03/2022,11:51:51 ص,315.5
867,173,1,06/03/2022,02:38:13 م,
868,173,1,06/03/2022,02:47:07 م,249
894,438,23,07/03/2022,08:08:16 م,
907,261,1,08/03/2022,06:59:44 م,930
869,392,1,06/03/2022,02:48:06 م,166.75
895,438,23,07/03/2022,08:08:51 م,1929
916,753,23,09/03/2022,11:42:32 ص,150
870,955,23,06/03/2022,03:14:03 م,
896,450,15,07/03/2022,08:45:26 م,114
871,955,23,06/03/2022,03:14:50 م,
902,330,23,08/03/2022,12:59:24 م,156
872,955,23,06/03/2022,03:16:31 م,617.5
897,600,23,07/03/2022,08:46:11 م,386
873,955,23,06/03/2022,03:17:31 م,992
898,2181,23,08/03/2022,11:21:43 ص,204
874,686,22,06/03/2022,03:22:22 م,122
875,748,23,06/03/2022,04:16:17 م,177
876,1561,22,06/03/2022,05:53:44 م,96
877,1335,1,06/03/2022,07:15:57 م,1566
878,1204,23,06/03/2022,08:31:27 م,315
879,2197,1,06/03/2022,08:32:47 م,250
880,753,23,06/03/2022,08:42:43 م,123.5
899,1121,1,08/03/2022,11:33:14 ص,118.5
921,231,22,09/03/2022,03:33:51 م,291.5
933,329,23,10/03/2022,11:54:09 ص,205
881,685,23,06/03/2022,08:45:08 م,598
952,733,23,12/03/2022,11:06:55 ص,82
977,1633,23,13/03/2022,11:08:45 ص,585
994,1355,22,14/03/2022,12:10:31 م,275
1023,1954,22,15/03/2022,09:07:50 م,257
901,1254,22,08/03/2022,12:43:39 م,352
934,2168,23,10/03/2022,11:55:09 ص,203
922,256,23,09/03/2022,03:35:07 م,110
953,733,23,12/03/2022,11:12:37 ص,168
978,1219,15,13/03/2022,12:38:01 م,
882,552,22,06/03/2022,09:53:59 م,57.75
938,1338,1,10/03/2022,03:29:01 م,636
995,1965,22,14/03/2022,12:16:07 م,400
1014,682,22,15/03/2022,11:43:19 ص,96
908,151,1,08/03/2022,07:06:41 م,
923,499,22,09/03/2022,03:36:49 م,124
883,2169,1,06/03/2022,10:16:19 م,280
909,151,1,08/03/2022,07:07:09 م,61
884,183,1,06/03/2022,10:19:01 م,374
924,301,22,09/03/2022,04:12:22 م,570
954,988,22,12/03/2022,11:38:43 ص,284
970,1561,22,12/03/2022,08:09:29 م,904
910,192,22,08/03/2022,08:05:24 م,930
979,1712,23,13/03/2022,01:56:39 م,187
925,1099,23,09/03/2022,05:19:29 م,74.5
939,2169,1,10/03/2022,03:29:37 م,1525
955,733,23,12/03/2022,11:40:43 ص,3520
911,372,23,08/03/2022,08:09:21 م,92.25
926,160,22,09/03/2022,07:24:22 م,
935,601,23,10/03/2022,12:13:34 م,2127.5
912,2158,22,08/03/2022,08:50:21 م,236
956,1863,23,12/03/2022,11:48:24 ص,
927,160,22,09/03/2022,07:25:26 م,
913,733,23,08/03/2022,08:50:57 م,576
928,160,22,09/03/2022,07:27:21 م,3375
957,1715,22,12/03/2022,01:56:45 م,12.25
958,736,23,12/03/2022,02:59:27 م,124
914,988,22,08/03/2022,09:10:02 م,470
929,1909,15,09/03/2022,07:52:18 م,259
915,748,23,08/03/2022,09:11:12 م,143.5
940,1338,1,10/03/2022,08:03:15 م,303
930,542,1,09/03/2022,07:53:50 م,804
941,542,1,10/03/2022,09:33:16 م,345
931,753,23,09/03/2022,08:36:47 م,47
942,531,23,10/03/2022,09:34:23 م,3708
943,218,22,10/03/2022,09:37:29 م,218
959,653,22,12/03/2022,02:59:51 م,598
980,1712,23,13/03/2022,01:56:59 م,250
996,1495,15,14/03/2022,12:56:01 م,132.5
1021,329,23,15/03/2022,04:14:45 م,18.5
1024,716,22,16/03/2022,02:13:07 م,575
1034,955,22,17/03/2022,12:51:33 م,371
1053,1770,23,19/03/2022,02:38:29 م,150
944,2142,0,10/03/2022,09:37:55 م,515.5
981,1716,23,13/03/2022,01:57:28 م,25
960,614,15,12/03/2022,03:14:21 م,282
997,2092,22,14/03/2022,05:12:58 م,190.25
1022,2086,22,15/03/2022,04:16:08 م,160
1025,1981,22,16/03/2022,02:13:57 م,
945,2079,1,10/03/2022,10:12:29 م,436
1035,2142,0,17/03/2022,02:25:58 م,80
982,1422,23,13/03/2022,01:57:57 م,432
961,614,15,12/03/2022,03:21:16 م,250
1026,1981,22,16/03/2022,02:14:30 م,289
946,685,23,10/03/2022,10:12:55 م,364.5
998,2092,22,14/03/2022,05:23:11 م,144
983,600,23,13/03/2022,01:58:23 م,110
962,172,15,12/03/2022,04:09:09 م,364
984,614,15,13/03/2022,02:17:17 م,
999,2092,22,14/03/2022,05:23:48 م,201
963,172,15,12/03/2022,04:17:00 م,190
947,2079,1,10/03/2022,10:16:35 م,176
1000,192,22,14/03/2022,05:31:18 م,1281
985,502,23,13/03/2022,05:01:30 م,451
964,410,22,12/03/2022,04:58:47 م,254
948,2142,0,10/03/2022,11:20:18 م,61
1001,1061,1,14/03/2022,05:32:07 م,876
965,614,15,12/03/2022,05:12:38 م,192.5
986,490,23,13/03/2022,05:05:27 م,37.5
987,1126,23,13/03/2022,05:06:25 م,137
966,753,23,12/03/2022,06:45:39 م,
967,513,1,12/03/2022,06:46:07 م,525
988,748,23,13/03/2022,05:50:50 م,41
968,753,23,12/03/2022,06:46:48 م,118
989,716,22,13/03/2022,05:51:25 م,66
969,1145,22,12/03/2022,06:48:34 م,187
990,256,23,13/03/2022,05:52:32 م,239
971,2079,1,12/03/2022,09:10:38 م,
972,360,22,12/03/2022,09:12:46 م,118
973,261,1,12/03/2022,09:16:26 م,141
974,1863,23,12/03/2022,09:22:43 م,126.5
975,1863,23,12/03/2022,09:32:02 م,112.5
991,467,15,13/03/2022,06:51:50 م,136.5
1002,2169,1,14/03/2022,07:17:12 م,1175
1015,682,22,15/03/2022,11:46:34 ص,183
1027,420,1,16/03/2022,02:15:07 م,41
1036,1338,1,17/03/2022,05:21:06 م,98.75
1069,261,1,20/03/2022,02:29:20 م,752.5
1085,601,23,21/03/2022,02:35:20 م,108
1054,2169,1,19/03/2022,02:39:17 م,1060
1102,1486,22,22/03/2022,01:25:09 م,320
992,1697,22,13/03/2022,06:54:51 م,684
1153,655,23,26/03/2022,01:21:12 م,394
1003,2169,1,14/03/2022,07:17:35 م,260
1016,682,22,15/03/2022,11:47:11 ص,174
1028,297,1,16/03/2022,02:15:29 م,118
993,2142,0,13/03/2022,06:55:14 م,585
1004,1980,1,14/03/2022,07:18:08 م,189
1055,151,1,19/03/2022,06:12:33 م,498
1086,871,22,21/03/2022,02:35:48 م,
1037,2158,22,17/03/2022,07:19:26 م,293
1047,2226,1,19/03/2022,12:05:56 م,87
1029,733,23,16/03/2022,07:05:37 م,418.5
1066,753,23,20/03/2022,11:49:23 ص,
1005,168,22,14/03/2022,07:18:59 م,121
1038,2086,22,17/03/2022,07:20:04 م,
1048,716,22,19/03/2022,12:58:49 م,44
1006,750,23,14/03/2022,07:19:46 م,266
1030,733,23,16/03/2022,07:06:19 م,788
1070,261,1,20/03/2022,02:42:19 م,60.5
1039,1711,1,17/03/2022,08:17:42 م,51
1007,653,22,14/03/2022,09:52:08 م,
1017,360,22,15/03/2022,11:48:30 ص,51.5
1031,1202,22,16/03/2022,07:07:56 م,7410
1008,653,22,14/03/2022,09:52:45 م,230
1040,730,1,17/03/2022,08:30:54 م,334
1018,753,23,15/03/2022,11:49:13 ص,59
1009,542,1,14/03/2022,10:03:40 م,
1056,2166,15,19/03/2022,09:06:41 م,
1032,2197,1,16/03/2022,07:09:26 م,135
1010,542,1,14/03/2022,10:05:08 م,287
1041,730,1,17/03/2022,08:44:53 م,129
1011,750,23,14/03/2022,10:08:48 م,714
1033,330,23,16/03/2022,08:24:43 م,102
1042,703,22,17/03/2022,08:59:09 م,108
1012,230,23,14/03/2022,10:20:17 م,444
1043,1678,1,17/03/2022,09:10:33 م,68
1013,2142,0,14/03/2022,10:21:15 م,743
1020,653,22,15/03/2022,02:50:35 م,396
1019,1495,15,15/03/2022,12:49:59 م,298.5
1044,1678,1,17/03/2022,09:10:46 م,150
1087,730,1,21/03/2022,03:25:49 م,1388.5
1103,2230,1,22/03/2022,01:54:34 م,239
1057,2226,1,19/03/2022,09:08:19 م,385
1122,1188,23,23/03/2022,05:59:11 م,295
1154,1714,22,26/03/2022,01:22:03 م,
1169,2147,0,26/03/2022,10:59:44 م,294
1067,753,23,20/03/2022,11:50:05 ص,47
1081,218,22,21/03/2022,11:01:35 ص,79.5
1045,1863,23,17/03/2022,10:23:06 م,493
1058,490,23,19/03/2022,09:08:56 م,295
1071,1481,22,20/03/2022,02:47:14 م,141
1155,1714,22,26/03/2022,01:22:22 م,
1104,1061,1,22/03/2022,01:55:09 م,295
1123,905,22,23/03/2022,07:44:59 م,1940
1059,1036,23,19/03/2022,09:09:27 م,250.5
1046,1863,23,17/03/2022,10:23:21 م,245
1072,1841,15,20/03/2022,04:04:29 م,63.6
1156,1714,22,26/03/2022,01:22:45 م,
1088,733,23,21/03/2022,05:31:30 م,541
1105,216,23,22/03/2022,01:57:49 م,635
1049,368,1,19/03/2022,01:06:01 م,559
1073,667,22,20/03/2022,04:05:39 م,344
1124,386,22,23/03/2022,07:45:50 م,123
1074,360,22,20/03/2022,04:06:16 م,46
1106,320,1,22/03/2022,05:46:58 م,109
1050,1714,22,19/03/2022,01:07:02 م,101.5
1107,1954,22,22/03/2022,07:03:09 م,558.5
1089,2226,1,21/03/2022,05:33:52 م,1020
1051,2226,1,19/03/2022,01:07:33 م,76
1068,1697,22,20/03/2022,11:50:38 ص,132.5
1052,1971,1,19/03/2022,01:08:08 م,14
1075,356,22,20/03/2022,04:10:16 م,21.5
1090,2226,1,21/03/2022,05:34:25 م,142
1076,391,22,20/03/2022,04:10:45 م,2096
1060,1447,15,19/03/2022,09:10:04 م,133
1091,270,23,21/03/2022,05:34:55 م,839
1061,2035,22,19/03/2022,09:10:32 م,232
1062,1873,1,19/03/2022,09:10:57 م,141
1077,667,22,20/03/2022,04:24:07 م,21.25
1092,212,22,21/03/2022,05:40:39 م,1350
1063,1831,22,19/03/2022,09:45:45 م,732
1078,168,22,20/03/2022,06:48:15 م,499
1079,405,22,20/03/2022,08:32:24 م,741
1064,1831,22,19/03/2022,09:46:12 م,282
1080,392,1,20/03/2022,08:44:56 م,249.5
1065,941,23,19/03/2022,09:59:38 م,343
1082,2142,0,21/03/2022,11:03:02 ص,175
1108,1954,22,22/03/2022,07:12:47 م,163
1125,753,23,23/03/2022,07:47:06 م,
1157,1714,22,26/03/2022,01:23:49 م,196.5
1170,1568,1,26/03/2022,11:00:01 م,
1180,614,15,27/03/2022,12:47:18 م,63
1194,1489,22,28/03/2022,10:08:14 ص,303
1221,542,1,29/03/2022,11:15:55 ص,2007.5
1126,753,23,23/03/2022,07:48:00 م,
1083,694,22,21/03/2022,11:23:43 ص,125
1249,1495,15,30/03/2022,01:18:21 م,297
1109,647,1,22/03/2022,09:14:31 م,1896
1171,368,1,26/03/2022,11:01:15 م,2112
1175,368,1,26/03/2022,11:26:57 م,80
1158,1714,22,26/03/2022,01:24:30 م,
1127,753,23,23/03/2022,07:48:19 م,
1084,694,22,21/03/2022,11:23:59 ص,254
1181,614,15,27/03/2022,01:01:57 م,
1110,2169,1,22/03/2022,09:49:36 م,4380
1195,542,1,28/03/2022,10:59:14 ص,477
1172,368,1,26/03/2022,11:01:27 م,
1093,753,23,21/03/2022,05:58:35 م,94
1159,2086,22,26/03/2022,01:25:19 م,3823.5
1176,368,1,26/03/2022,11:27:22 م,150
1111,685,23,23/03/2022,10:23:56 ص,204
1094,2114,15,21/03/2022,07:06:57 م,397
1179,906,1,27/03/2022,11:56:44 ص,696
1173,288,22,26/03/2022,11:09:17 م,209
1112,599,22,23/03/2022,10:25:11 ص,232
1095,210,1,21/03/2022,08:09:57 م,76
1113,210,1,23/03/2022,10:46:41 ص,300
1096,667,22,21/03/2022,08:11:23 م,77
1174,496,22,26/03/2022,11:09:50 م,
1114,1633,23,23/03/2022,04:12:00 م,208.5
1097,256,23,21/03/2022,08:11:50 م,39
1160,1714,22,26/03/2022,01:58:19 م,150
1115,1689,22,23/03/2022,04:12:43 م,59.75
1098,200,23,21/03/2022,08:12:14 م,224
1161,614,15,26/03/2022,02:56:18 م,1053.5
1099,682,22,21/03/2022,09:21:50 م,150
1116,1714,22,23/03/2022,04:14:31 م,513
1100,1179,15,21/03/2022,09:22:45 م,150
1101,2167,1,21/03/2022,09:31:47 م,300
1117,2142,0,23/03/2022,04:15:16 م,150
1118,748,23,23/03/2022,04:16:19 م,152.5
1119,748,23,23/03/2022,04:18:20 م,57
1120,955,23,23/03/2022,05:03:19 م,406
1121,2035,22,23/03/2022,05:40:56 م,47
1128,753,23,23/03/2022,07:48:59 م,
1177,816,0,26/03/2022,11:34:38 م,
1196,1954,22,28/03/2022,11:09:51 ص,247
1162,600,23,26/03/2022,04:40:51 م,315
1222,1633,23,29/03/2022,11:16:50 ص,666
1250,1427,23,30/03/2022,01:18:40 م,351
1129,753,23,23/03/2022,07:49:09 م,486
1287,493,23,31/03/2022,12:49:17 م,86
1324,350,15,03/04/2022,01:25:22 م,250
1178,2245,15,27/03/2022,10:48:42 ص,206
1163,218,22,26/03/2022,05:33:29 م,423.5
1130,542,1,23/03/2022,10:45:31 م,288
1197,685,23,28/03/2022,12:54:17 م,514
1251,1121,1,30/03/2022,01:19:20 م,776
1288,231,22,31/03/2022,04:20:25 م,73.5
1131,284,1,24/03/2022,11:18:54 ص,
1223,291,23,29/03/2022,11:18:46 ص,4112
1182,753,23,27/03/2022,01:29:00 م,300
1164,1689,22,26/03/2022,05:34:01 م,74.5
1198,685,23,28/03/2022,12:55:00 م,284
1132,2086,22,24/03/2022,12:47:02 م,
1252,614,15,30/03/2022,01:49:17 م,160
1183,614,15,27/03/2022,01:29:35 م,
1133,601,23,24/03/2022,12:49:01 م,138
1165,1633,23,26/03/2022,06:18:32 م,425
1184,438,23,27/03/2022,02:45:11 م,342.5
1199,493,23,28/03/2022,12:56:59 م,370
1166,360,22,26/03/2022,06:42:18 م,270
1134,2086,22,24/03/2022,12:50:20 م,35.5
1185,753,23,27/03/2022,02:47:28 م,536
1167,1688,1,26/03/2022,10:20:02 م,47
1200,1545,15,28/03/2022,03:01:37 م,150
1135,284,1,24/03/2022,12:51:11 م,86
1186,716,22,27/03/2022,02:48:09 م,1484
1168,1688,1,26/03/2022,10:20:15 م,127
1136,1988,15,24/03/2022,01:36:16 م,197.5
1137,748,23,24/03/2022,02:54:31 م,150
1138,1259,15,24/03/2022,03:16:40 م,150
1187,360,22,27/03/2022,06:54:14 م,270
1139,1831,22,24/03/2022,04:40:29 م,405
1140,421,22,24/03/2022,06:07:17 م,169
1141,380,23,24/03/2022,06:07:45 م,88
1142,168,22,24/03/2022,06:08:59 م,124
1143,1311,1,24/03/2022,06:09:40 م,244
1144,261,1,24/03/2022,06:10:11 م,167
1145,748,23,24/03/2022,08:20:14 م,
1146,542,1,24/03/2022,08:28:04 م,1450
1147,918,22,24/03/2022,08:44:42 م,156.5
1193,1105,23,27/03/2022,10:11:04 م,870
1224,2026,22,29/03/2022,11:27:07 ص,105
1253,929,23,30/03/2022,02:20:16 م,190
1201,230,23,28/03/2022,03:15:38 م,744
1188,238,22,27/03/2022,07:07:42 م,120
1289,231,22,31/03/2022,04:57:27 م,56
1314,166,15,02/04/2022,04:12:44 م,150
1325,1319,15,03/04/2022,01:32:24 م,45
1225,1172,1,29/03/2022,11:49:44 ص,270
1189,360,22,27/03/2022,07:08:37 م,66
1148,174,22,24/03/2022,09:12:47 م,120
1202,288,22,28/03/2022,03:16:28 م,445
1254,931,1,30/03/2022,02:42:31 م,130
1290,733,23,31/03/2022,04:59:34 م,1164
1312,233,22,02/04/2022,02:47:43 م,158
1149,748,23,24/03/2022,09:14:56 م,150
1190,615,15,27/03/2022,07:18:23 م,
1226,391,22,29/03/2022,11:51:23 ص,1135
1243,2210,22,30/03/2022,11:09:13 ص,115
1203,1812,15,28/03/2022,03:36:04 م,68
1150,1902,22,24/03/2022,10:17:59 م,707
1291,2169,1,31/03/2022,05:38:21 م,1076.5
1227,256,23,29/03/2022,03:28:04 م,127.5
1204,2249,0,28/03/2022,04:03:25 م,139
1191,1715,22,27/03/2022,09:00:01 م,538
1255,392,1,30/03/2022,03:22:03 م,227.4
1151,2059,22,24/03/2022,10:18:32 م,106
1228,1085,23,29/03/2022,03:28:28 م,127.5
1205,785,0,28/03/2022,04:03:58 م,272
1192,1770,23,27/03/2022,09:00:41 م,632.5
1256,601,23,30/03/2022,04:02:01 م,6
1152,263,23,24/03/2022,11:13:33 م,276
1229,2027,1,29/03/2022,03:30:05 م,1135
1206,685,23,28/03/2022,04:49:51 م,
1230,935,22,29/03/2022,03:30:32 م,51.5
1207,653,22,28/03/2022,04:50:16 م,170
1208,2197,1,28/03/2022,04:50:35 م,135
1231,1716,23,29/03/2022,04:01:04 م,676
1209,673,22,28/03/2022,04:51:05 م,185
1232,1716,23,29/03/2022,04:01:51 م,38.25
1210,1701,15,28/03/2022,05:11:32 م,115
1211,2217,15,28/03/2022,06:54:11 م,1011
1212,261,1,28/03/2022,06:58:45 م,
1213,261,1,28/03/2022,06:59:45 م,16
1214,639,23,28/03/2022,08:11:27 م,279
1215,420,1,28/03/2022,08:20:19 م,450
1216,697,1,28/03/2022,08:20:58 م,664
1233,2180,0,29/03/2022,04:03:10 م,47
1257,1507,23,30/03/2022,04:02:54 م,73.5
1292,256,23,31/03/2022,05:51:04 م,295
1326,1633,23,03/04/2022,01:54:41 م,3296
1329,276,15,03/04/2022,04:05:13 م,224.5
1361,261,1,04/04/2022,11:39:31 ص,518
1378,733,23,05/04/2022,10:16:06 ص,137
1410,748,23,06/04/2022,09:27:09 ص,
1234,688,15,29/03/2022,04:56:39 م,132
1217,753,23,28/03/2022,08:23:01 م,139
1258,2193,15,30/03/2022,04:38:23 م,132
1293,372,23,31/03/2022,05:51:39 م,73.5
1304,218,22,02/04/2022,11:42:50 ص,203.4
1235,320,1,29/03/2022,05:58:08 م,315
1218,753,23,28/03/2022,08:23:58 م,304
1259,2070,23,30/03/2022,05:24:43 م,
1294,372,23,31/03/2022,05:52:04 م,76
1260,1553,23,30/03/2022,05:24:59 م,292.5
1327,753,23,03/04/2022,01:55:16 م,51
1219,168,22,28/03/2022,08:24:23 م,229
1305,2229,23,02/04/2022,11:43:46 ص,299
1261,144,,30/03/2022,05:25:02 م,
1236,733,23,29/03/2022,07:08:21 م,227
1244,218,22,30/03/2022,11:11:12 ص,169
1220,1485,22,28/03/2022,08:36:14 م,694
1295,1481,22,31/03/2022,06:09:04 م,379
1245,655,23,30/03/2022,11:12:02 ص,164
1281,2223,23,31/03/2022,11:33:36 ص,
1237,750,23,29/03/2022,07:10:57 م,370
1328,1576,15,03/04/2022,02:26:15 م,118
1238,750,23,29/03/2022,07:11:10 م,370
1286,685,23,31/03/2022,11:41:52 ص,119
1262,144,,30/03/2022,05:25:33 م,
1263,2070,23,30/03/2022,05:42:48 م,273
1296,2035,22,31/03/2022,07:18:58 م,144
1239,2197,1,29/03/2022,07:26:05 م,282
1264,472,1,30/03/2022,05:44:03 م,239
1265,291,23,30/03/2022,05:55:46 م,406.5
1240,1940,15,29/03/2022,08:18:53 م,467.5
1246,2210,22,30/03/2022,11:28:30 ص,
1247,2210,22,30/03/2022,11:28:52 ص,
1241,332,22,29/03/2022,08:30:38 م,73.5
1266,291,23,30/03/2022,05:56:09 م,1323
1242,552,22,29/03/2022,08:38:05 م,133
1248,2210,22,30/03/2022,11:30:17 ص,75
1267,2086,22,30/03/2022,05:57:25 م,45
1268,685,23,30/03/2022,05:59:54 م,135.5
1269,2249,0,30/03/2022,06:05:48 م,73
1306,905,22,02/04/2022,11:44:17 ص,135
1322,368,1,03/04/2022,12:46:15 م,267
1280,216,23,31/03/2022,11:09:55 ص,744
1313,1331,15,02/04/2022,03:16:05 م,67
1330,320,1,03/04/2022,04:22:55 م,410
1362,2227,22,04/04/2022,01:59:05 م,190.5
1270,879,15,30/03/2022,06:18:59 م,76
1297,682,22,31/03/2022,07:20:54 م,68
1379,1143,15,05/04/2022,10:34:45 ص,
1411,1447,15,06/04/2022,01:12:53 م,135
1441,373,22,07/04/2022,02:14:44 م,49
1271,385,23,30/03/2022,06:23:33 م,484
1282,2223,23,31/03/2022,11:33:51 ص,910
1331,296,1,03/04/2022,04:23:21 م,1047
1363,396,22,04/04/2022,01:59:53 م,10400
1307,2112,23,02/04/2022,01:23:23 م,118
1283,542,1,31/03/2022,11:38:49 ص,201
1272,2158,22,30/03/2022,06:24:28 م,503
1332,477,15,03/04/2022,04:27:41 م,150
1380,1422,23,05/04/2022,01:00:47 م,316
1364,548,23,04/04/2022,02:01:40 م,300
1284,144,,31/03/2022,11:40:52 ص,
1333,320,1,03/04/2022,04:46:26 م,287.5
1273,2147,0,30/03/2022,06:25:15 م,51.5
1285,332,22,31/03/2022,11:40:57 ص,87
1365,971,15,04/04/2022,02:46:19 م,50
1334,447,23,03/04/2022,05:00:18 م,150
1274,955,22,30/03/2022,06:57:24 م,552
1298,1770,23,31/03/2022,07:21:47 م,675
1315,1937,15,02/04/2022,04:23:46 م,550
1299,1689,22,31/03/2022,09:30:00 م,134
1275,496,22,30/03/2022,07:25:12 م,300
1335,1714,22,03/04/2022,05:00:29 م,178
1336,447,23,03/04/2022,05:00:51 م,
1308,334,15,02/04/2022,01:29:04 م,
1276,676,1,30/03/2022,08:14:29 م,99
1300,1689,22,31/03/2022,10:33:27 م,129.5
1309,334,15,02/04/2022,01:29:49 م,80
1277,242,23,30/03/2022,08:26:59 م,110
1301,301,22,31/03/2022,11:08:25 م,141
1278,1364,22,30/03/2022,09:31:16 م,310
1316,320,1,02/04/2022,05:03:23 م,410
1302,212,22,31/03/2022,11:08:45 م,282
1310,2193,15,02/04/2022,01:36:48 م,450
1279,1364,22,30/03/2022,09:31:37 م,
1303,1576,15,31/03/2022,11:09:39 م,150
1311,2193,15,02/04/2022,01:37:11 م,300
1317,320,1,02/04/2022,05:15:38 م,48
1323,621,23,03/04/2022,12:55:08 م,200
1337,447,23,03/04/2022,05:02:06 م,150
1381,231,22,05/04/2022,01:13:48 م,111.75
1412,653,22,06/04/2022,01:14:30 م,59.5
1442,1611,15,07/04/2022,03:10:29 م,30
1470,312,1,09/04/2022,01:42:20 م,444
1492,956,22,10/04/2022,10:20:02 ص,
1318,2253,0,02/04/2022,05:31:30 م,36
1338,1486,22,03/04/2022,05:02:43 م,174
1382,1145,22,05/04/2022,01:20:44 م,527
1366,337,23,04/04/2022,03:22:00 م,707.5
1413,1172,1,06/04/2022,01:17:07 م,129.2
1319,421,22,02/04/2022,05:41:50 م,
1339,1669,22,03/04/2022,05:14:16 م,122
1320,421,22,02/04/2022,05:42:17 م,474
1471,542,1,09/04/2022,02:29:16 م,879
1414,653,22,06/04/2022,01:37:01 م,150
1367,1560,15,04/04/2022,04:57:33 م,114
1340,694,22,03/04/2022,05:15:45 م,
1321,716,22,02/04/2022,05:43:20 م,741
1415,2086,22,06/04/2022,02:10:14 م,85
1368,935,22,04/04/2022,05:04:57 م,1101
1341,1688,1,03/04/2022,05:16:06 م,324
1383,2197,1,05/04/2022,01:23:01 م,840.5
1438,685,23,07/04/2022,10:15:45 ص,188
1342,1688,1,03/04/2022,05:16:21 م,108
1369,160,22,04/04/2022,05:05:55 م,861
1370,160,22,04/04/2022,05:15:26 م,574
1343,694,22,03/04/2022,05:19:43 م,99.5
1384,1145,22,05/04/2022,01:24:19 م,447
1371,1335,1,04/04/2022,05:16:03 م,225
1344,694,22,03/04/2022,05:22:59 م,95
1372,360,22,04/04/2022,05:16:52 م,300
1345,1688,1,03/04/2022,05:24:07 م,238
1373,559,1,04/04/2022,05:20:51 م,60
1346,2070,23,03/04/2022,05:41:00 م,98
1374,1831,22,04/04/2022,05:23:27 م,126.5
1347,1831,22,03/04/2022,05:46:52 م,261
1375,2142,0,04/04/2022,05:57:33 م,2250
1348,2142,0,03/04/2022,05:47:15 م,239
1349,2142,0,03/04/2022,05:48:20 م,253
1350,2002,22,03/04/2022,05:49:23 م,72.5
1351,284,1,03/04/2022,08:13:24 م,299.5
1352,1243,15,03/04/2022,09:29:39 م,87.5
1353,1633,23,03/04/2022,10:05:53 م,229
1376,391,22,04/04/2022,05:57:56 م,1800
1385,288,22,05/04/2022,01:27:21 م,218
1416,2086,22,06/04/2022,02:13:15 م,34
1354,472,1,03/04/2022,10:06:36 م,1232.5
1439,261,1,07/04/2022,10:25:24 ص,803
1516,2035,22,11/04/2022,03:35:04 م,
1542,2249,0,12/04/2022,02:33:55 م,
1472,542,1,09/04/2022,02:30:14 م,268
1377,552,22,04/04/2022,09:39:41 م,
1493,1268,15,10/04/2022,12:50:53 م,129
1417,1065,1,06/04/2022,02:22:54 م,340
1443,493,23,07/04/2022,03:23:03 م,300
1386,1689,22,05/04/2022,01:30:07 م,22.25
1517,2035,22,11/04/2022,03:35:15 م,244
1355,173,1,03/04/2022,10:20:46 م,300
1473,2142,0,09/04/2022,02:37:15 م,220
1418,600,23,06/04/2022,02:30:11 م,175
1387,1714,22,05/04/2022,01:31:26 م,60.5
1444,1485,22,07/04/2022,03:39:13 م,150
1494,2247,14,10/04/2022,12:52:16 م,20126
1356,1714,22,03/04/2022,10:33:31 م,50
1388,1688,1,05/04/2022,01:38:49 م,1905
1419,600,23,06/04/2022,04:09:23 م,234
1357,472,1,03/04/2022,10:43:01 م,70
1445,1732,15,07/04/2022,04:36:40 م,82
1474,273,23,09/04/2022,02:37:56 م,175
1389,307,15,05/04/2022,02:22:37 م,38
1358,2169,1,03/04/2022,11:13:39 م,1660
1420,2035,22,06/04/2022,04:09:47 م,449
1390,639,23,05/04/2022,02:41:46 م,524
1359,649,1,04/04/2022,10:05:17 ص,
1446,319,1,07/04/2022,04:59:39 م,350
1421,625,1,06/04/2022,04:10:06 م,62.5
1360,649,1,04/04/2022,10:06:01 ص,62.5
1391,639,23,05/04/2022,02:43:41 م,59
1447,438,23,07/04/2022,05:04:10 م,98
1422,2246,15,06/04/2022,04:51:07 م,136
1392,685,23,05/04/2022,02:45:10 م,94
1423,2249,0,06/04/2022,05:30:15 م,155
1393,1202,22,05/04/2022,02:45:33 م,138.5
1394,753,23,05/04/2022,02:45:49 م,154
1424,1633,23,06/04/2022,05:35:36 م,790
1395,468,23,05/04/2022,02:46:51 م,14
1396,1202,22,05/04/2022,02:47:52 م,93
1397,2197,1,05/04/2022,08:11:31 م,34.5
1398,276,15,05/04/2022,08:12:31 م,126.25
1399,2257,0,05/04/2022,08:13:21 م,932
1400,2190,1,05/04/2022,08:31:14 م,280
1425,318,23,06/04/2022,05:46:01 م,115
1475,210,1,09/04/2022,03:13:31 م,
1495,1036,23,10/04/2022,01:28:48 م,274.5
1448,601,23,07/04/2022,05:04:50 م,376
1518,318,23,11/04/2022,03:35:54 م,260
1544,1770,23,12/04/2022,03:14:38 م,
1569,477,15,13/04/2022,01:49:38 م,71.5
1401,2257,0,05/04/2022,08:45:31 م,67.5
1476,210,1,09/04/2022,03:14:04 م,62.5
1426,502,23,06/04/2022,08:14:21 م,168
1519,1522,1,11/04/2022,03:36:44 م,2087
1402,261,1,05/04/2022,09:06:05 م,
1427,345,22,06/04/2022,08:19:53 م,390
1541,748,23,12/04/2022,11:05:39 ص,9
1496,2169,1,10/04/2022,01:30:09 م,
1477,368,1,09/04/2022,03:34:29 م,2400
1449,703,22,07/04/2022,05:07:37 م,82
1403,650,1,05/04/2022,09:06:36 م,1060
1497,2169,1,10/04/2022,01:30:40 م,259
1428,280,15,06/04/2022,08:51:14 م,43
1478,1177,1,09/04/2022,03:37:17 م,2740
1450,1714,22,07/04/2022,05:08:16 م,313
1404,318,23,05/04/2022,09:07:32 م,364
1429,2216,0,06/04/2022,09:16:03 م,20
1479,1376,15,09/04/2022,04:11:24 م,221
1498,2169,1,10/04/2022,01:31:14 م,1660
1451,1714,22,07/04/2022,05:08:53 م,187
1430,1311,1,06/04/2022,09:18:37 م,100
1405,275,22,05/04/2022,09:09:09 م,245
1480,716,22,09/04/2022,06:08:29 م,97.5
1431,1311,1,06/04/2022,09:22:46 م,440
1406,655,23,05/04/2022,09:11:32 م,143
1452,373,22,07/04/2022,05:09:49 م,
1453,373,22,07/04/2022,05:10:04 م,65.5
1432,1615,22,06/04/2022,09:26:26 م,282
1481,1633,23,09/04/2022,08:06:02 م,93
1454,601,23,07/04/2022,05:13:22 م,263.4
1407,655,23,05/04/2022,09:22:00 م,79.5
1433,1615,22,06/04/2022,09:34:01 م,45
1455,218,22,07/04/2022,05:27:22 م,433
1408,977,15,05/04/2022,09:41:02 م,84
1434,472,1,06/04/2022,10:08:19 م,152
1435,1338,1,06/04/2022,10:08:36 م,138
1436,748,23,06/04/2022,10:09:17 م,126
1409,956,22,05/04/2022,11:17:28 م,371.5
1437,748,23,06/04/2022,10:09:40 م,282.5
1440,261,1,07/04/2022,10:40:21 ص,239
1456,1116,22,07/04/2022,05:27:48 م,63
1499,1341,15,10/04/2022,01:49:09 م,287
1562,2086,22,13/04/2022,01:21:26 م,85
1575,2246,15,14/04/2022,10:10:38 ص,15
1598,2112,23,16/04/2022,01:10:47 م,194
1520,1954,22,11/04/2022,04:06:55 م,200
1543,2249,0,12/04/2022,02:47:17 م,65
1457,1716,23,07/04/2022,08:47:25 م,150
1576,542,1,14/04/2022,12:52:07 م,50
1482,1633,23,09/04/2022,08:06:17 م,
1570,1698,15,13/04/2022,02:33:21 م,65
1458,753,23,07/04/2022,09:18:55 م,304
1500,2142,0,10/04/2022,02:45:00 م,42
1545,1770,23,12/04/2022,03:14:53 م,645
1521,2227,22,11/04/2022,04:08:06 م,
1483,294,23,09/04/2022,08:12:08 م,240
1459,686,22,07/04/2022,09:33:17 م,225
1501,2139,15,10/04/2022,04:00:39 م,452.5
1522,2227,22,11/04/2022,04:08:22 م,
1484,294,23,09/04/2022,08:23:11 م,150
1546,2062,15,12/04/2022,03:30:58 م,55
1460,336,23,07/04/2022,09:43:50 م,128
1523,2227,22,11/04/2022,04:08:36 م,
1461,1481,22,07/04/2022,09:44:26 م,80.5
1485,1626,22,09/04/2022,09:15:52 م,192
1502,685,23,10/04/2022,04:16:47 م,314
1547,159,23,12/04/2022,04:15:29 م,439
1524,2227,22,11/04/2022,04:14:31 م,138
1462,667,22,07/04/2022,09:45:31 م,142
1486,1340,1,09/04/2022,09:24:18 م,135
1525,733,23,11/04/2022,04:15:57 م,452.5
1463,667,22,07/04/2022,09:46:44 م,146
1503,1611,15,10/04/2022,04:18:14 م,87
1487,2124,0,09/04/2022,11:07:22 م,51
1464,336,23,07/04/2022,09:51:05 م,109
1504,1404,15,10/04/2022,04:43:09 م,58.5
1488,1697,22,09/04/2022,11:14:11 م,255
1465,212,22,07/04/2022,10:50:26 م,98
1489,2154,15,09/04/2022,11:20:22 م,622
1505,1712,23,10/04/2022,04:58:39 م,26
1466,1254,22,07/04/2022,12:35:17 ص,135
1506,210,1,10/04/2022,05:00:51 م,124
1490,1116,22,09/04/2022,11:22:37 م,
1467,490,23,07/04/2022,01:00:04 ص,77.5
1491,1116,22,09/04/2022,11:22:54 م,224
1507,1481,22,10/04/2022,05:01:31 م,183
1468,2086,22,07/04/2022,01:00:23 ص,170
1469,1254,22,07/04/2022,01:21:43 ص,103762.51
1508,1985,15,10/04/2022,05:13:18 م,47
1548,181,23,12/04/2022,04:23:35 م,405
1571,1698,15,13/04/2022,02:33:56 م,57
1526,682,22,11/04/2022,04:23:06 م,
1577,1164,22,14/04/2022,02:25:17 م,44
1599,502,23,16/04/2022,01:31:57 م,238
1611,2035,22,17/04/2022,12:07:06 م,75
1648,150,23,18/04/2022,03:13:31 م,70
1527,1398,15,11/04/2022,04:44:08 م,37
1509,276,15,10/04/2022,05:32:15 م,129.5
1549,210,1,12/04/2022,04:24:11 م,320
1563,502,23,13/04/2022,01:22:16 م,60
1578,405,22,14/04/2022,03:09:41 م,237.5
1600,1495,15,16/04/2022,01:36:26 م,255
1510,2181,23,10/04/2022,08:46:20 م,126
1528,326,23,11/04/2022,05:48:04 م,56
1550,753,23,12/04/2022,04:24:57 م,88.5
1572,1714,22,13/04/2022,03:28:32 م,87.5
1529,1715,22,11/04/2022,08:43:51 م,540
1511,730,1,10/04/2022,08:46:43 م,705
1551,716,22,12/04/2022,04:27:42 م,216
1579,1633,23,14/04/2022,03:11:17 م,263
1573,685,23,13/04/2022,04:22:16 م,683.5
1512,216,23,10/04/2022,08:47:01 م,313
1530,1715,22,11/04/2022,08:44:06 م,45
1552,748,23,12/04/2022,04:28:16 م,54.25
1564,543,1,13/04/2022,01:23:28 م,114
1513,168,22,10/04/2022,09:57:17 م,246
1580,2197,1,14/04/2022,03:11:55 م,
1531,2092,22,11/04/2022,08:44:39 م,189
1532,1776,15,11/04/2022,09:23:36 م,150
1514,2227,22,10/04/2022,10:05:03 م,8869
1553,748,23,12/04/2022,04:53:00 م,
1565,2142,0,13/04/2022,01:24:14 م,85
1554,748,23,12/04/2022,04:53:34 م,9
1533,1069,23,11/04/2022,09:27:08 م,350
1555,1864,15,12/04/2022,05:07:19 م,
1534,242,1,11/04/2022,09:35:17 م,282
1535,682,22,11/04/2022,09:35:36 م,72
1515,956,22,10/04/2022,10:57:37 م,358.5
1556,1864,15,12/04/2022,05:09:37 م,74
1536,1770,23,11/04/2022,09:35:55 م,462.5
1557,748,23,12/04/2022,05:10:38 م,
1537,2126,0,11/04/2022,10:04:42 م,405
1558,748,23,12/04/2022,05:11:02 م,
1538,710,1,11/04/2022,10:09:47 م,541
1539,1254,22,11/04/2022,11:31:25 م,
1540,1254,22,11/04/2022,11:31:43 م,910
1559,1981,22,12/04/2022,05:55:02 م,142
1574,595,22,13/04/2022,05:52:59 م,282
1605,1489,22,16/04/2022,05:07:35 م,866
1612,1001,22,17/04/2022,12:08:54 م,1215
1590,1065,1,14/04/2022,09:52:22 م,255
1601,1495,15,16/04/2022,01:38:20 م,
1581,750,23,14/04/2022,03:14:35 م,100
1649,1481,22,18/04/2022,03:23:41 م,
1671,336,23,19/04/2022,02:23:26 م,249.5
1560,716,22,12/04/2022,05:57:56 م,390
1696,2249,0,20/04/2022,11:40:12 ص,136
1714,2197,1,20/04/2022,10:50:16 م,425.5
1715,593,1,21/04/2022,01:42:01 م,640
1602,222,23,16/04/2022,03:05:27 م,22.5
1650,1481,22,18/04/2022,03:23:51 م,113
1582,507,15,14/04/2022,04:23:35 م,148
1561,651,15,12/04/2022,09:49:09 م,
1566,291,23,13/04/2022,01:24:43 م,458
1603,709,15,16/04/2022,03:16:18 م,115
1613,517,22,17/04/2022,12:09:35 م,
1583,1697,22,14/04/2022,05:39:38 م,1035
1651,256,23,18/04/2022,04:47:20 م,257
1567,2086,22,13/04/2022,01:26:38 م,44
1672,935,22,19/04/2022,02:33:34 م,762
1614,517,22,17/04/2022,02:47:26 م,3390
1604,1856,15,16/04/2022,04:38:29 م,157
1584,2169,1,14/04/2022,08:01:04 م,332
1568,2197,1,13/04/2022,01:27:26 م,270
1652,150,23,18/04/2022,05:06:07 م,185.25
1585,1061,1,14/04/2022,08:15:10 م,4502
1615,599,22,17/04/2022,03:11:35 م,
1606,2193,15,16/04/2022,08:06:17 م,142
1607,2249,0,16/04/2022,08:25:34 م,63
1616,391,22,17/04/2022,03:12:54 م,41.5
1586,227,15,14/04/2022,08:19:13 م,86
1608,1633,23,16/04/2022,08:53:38 م,156.5
1617,391,22,17/04/2022,03:14:51 م,513
1587,600,23,14/04/2022,08:43:53 م,218
1609,256,23,16/04/2022,08:55:53 م,229
1588,2068,15,14/04/2022,08:45:30 م,20
1589,1481,22,14/04/2022,08:52:11 م,271
1591,935,22,14/04/2022,11:47:52 م,
1592,935,22,14/04/2022,11:48:15 م,
1593,935,22,14/04/2022,11:49:04 م,162
1594,956,22,14/04/2022,12:55:28 ص,235
1595,2229,23,14/04/2022,01:20:27 ص,154
1596,621,23,16/04/2022,10:51:52 ص,115
1597,722,15,16/04/2022,11:16:51 ص,111
1610,173,1,16/04/2022,09:16:31 م,170
1618,1001,22,17/04/2022,03:18:59 م,746
1653,697,1,18/04/2022,07:54:39 م,156
1673,748,23,19/04/2022,03:05:00 م,76
1697,685,23,20/04/2022,11:47:54 ص,267
1716,678,23,21/04/2022,01:42:23 م,32
1744,2193,15,23/04/2022,01:37:48 م,150
1753,192,22,24/04/2022,01:53:40 م,387
1619,918,22,17/04/2022,03:20:25 م,415.5
1654,1085,23,18/04/2022,08:09:23 م,259
1670,1164,22,19/04/2022,12:44:11 م,21.5
1717,284,1,21/04/2022,01:45:58 م,358
1698,2143,0,20/04/2022,11:50:04 ص,115
1620,710,1,17/04/2022,03:21:30 م,74.5
1745,2186,23,23/04/2022,04:12:16 م,143
1655,1447,15,18/04/2022,08:20:36 م,131
1674,2116,22,19/04/2022,03:05:38 م,64.25
1621,904,1,17/04/2022,03:23:04 م,71.5
1640,685,23,18/04/2022,12:32:13 م,292
1699,2217,15,20/04/2022,12:36:32 م,520
1622,1269,23,17/04/2022,04:13:03 م,42
1656,733,23,18/04/2022,09:37:52 م,45
1666,223,15,19/04/2022,11:20:01 ص,113
1623,2154,15,17/04/2022,04:38:44 م,72
1641,396,22,18/04/2022,01:50:08 م,197.5
1675,297,1,19/04/2022,03:29:14 م,804
1624,1481,22,17/04/2022,04:39:28 م,504
1642,1364,22,18/04/2022,01:50:35 م,240
1625,330,23,17/04/2022,05:04:54 م,22
1657,733,23,18/04/2022,09:38:45 م,
1676,655,23,19/04/2022,04:07:17 م,291
1626,517,22,17/04/2022,05:05:20 م,
1658,183,1,18/04/2022,09:40:48 م,1165
1627,517,22,17/04/2022,05:05:47 م,
1628,730,1,17/04/2022,05:07:41 م,177.5
1629,421,22,17/04/2022,05:09:24 م,123.5
1643,1335,1,18/04/2022,01:51:31 م,43
1630,1561,22,17/04/2022,05:10:17 م,327
1631,1954,22,17/04/2022,05:11:40 م,784
1644,1422,23,18/04/2022,01:51:52 م,572
1645,1338,1,18/04/2022,01:54:48 م,774
1632,1065,1,17/04/2022,05:45:30 م,85
1633,680,23,17/04/2022,05:47:10 م,49
1634,2169,1,17/04/2022,06:07:26 م,
1635,168,22,17/04/2022,06:18:32 م,215.5
1636,1770,23,17/04/2022,06:18:58 م,846
1637,599,22,17/04/2022,06:19:41 م,732
1659,667,22,18/04/2022,09:41:41 م,336
1677,724,1,19/04/2022,04:07:47 م,
1718,216,23,21/04/2022,01:46:41 م,506
1746,160,22,23/04/2022,04:12:42 م,3666
1700,1219,15,20/04/2022,12:47:28 م,
1762,816,0,24/04/2022,03:24:31 م,125.5
1791,1714,22,25/04/2022,05:02:41 م,320
1678,1716,23,19/04/2022,04:09:39 م,66
1797,281,23,26/04/2022,01:23:50 م,189
1660,601,23,18/04/2022,09:42:51 م,
1667,2086,22,19/04/2022,11:55:40 ص,138
1689,1863,23,19/04/2022,09:04:49 م,
1638,1697,22,17/04/2022,10:13:41 م,207
1661,1364,22,18/04/2022,09:44:44 م,195
1719,216,23,21/04/2022,01:47:07 م,
1747,212,22,23/04/2022,04:13:14 م,903
1639,1489,22,17/04/2022,10:21:20 م,180
1679,1312,1,19/04/2022,04:11:03 م,305
1701,2217,15,20/04/2022,01:05:22 م,80
1720,703,22,21/04/2022,01:52:27 م,244
1646,1335,1,18/04/2022,01:55:51 م,117
1748,625,1,23/04/2022,04:27:43 م,358
1680,724,1,19/04/2022,04:13:09 م,164
1647,2181,23,18/04/2022,01:56:55 م,276
1702,396,22,20/04/2022,01:22:35 م,70
1690,1863,23,19/04/2022,09:05:24 م,1841
1721,284,1,21/04/2022,01:56:27 م,344
1668,2086,22,19/04/2022,11:56:57 ص,270
1703,210,1,20/04/2022,01:23:25 م,45
1662,1831,22,18/04/2022,09:45:12 م,362
1722,284,1,21/04/2022,01:56:40 م,68
1681,659,23,19/04/2022,04:29:30 م,95
1663,1116,22,18/04/2022,09:45:47 م,198
1704,1652,15,20/04/2022,01:27:26 م,
1682,2246,15,19/04/2022,04:32:25 م,145
1723,2210,22,21/04/2022,02:32:46 م,1955
1705,691,15,20/04/2022,02:23:27 م,94
1664,733,23,18/04/2022,09:47:11 م,
1665,621,23,19/04/2022,10:24:26 ص,199
1706,1061,1,20/04/2022,04:15:36 م,580
1669,1377,15,19/04/2022,12:28:01 م,69
1707,1522,1,20/04/2022,04:16:39 م,773
1683,624,15,19/04/2022,05:13:55 م,247.5
1684,216,23,19/04/2022,05:23:29 م,
1685,716,22,19/04/2022,05:25:15 م,283
1686,716,22,19/04/2022,05:25:33 م,129
1687,673,22,19/04/2022,05:26:37 م,258
1688,733,23,19/04/2022,05:44:45 م,36.5
1724,697,1,21/04/2022,03:09:08 م,576
1749,694,22,23/04/2022,05:25:56 م,242.5
1708,513,1,20/04/2022,04:23:57 م,40
1763,748,23,24/04/2022,03:34:24 م,64.5
1792,1036,23,25/04/2022,05:02:56 م,
1798,753,23,26/04/2022,02:16:00 م,31.75
1866,159,23,28/04/2022,05:33:39 م,399
1883,237,15,29/04/2022,01:46:01 م,130
1725,468,23,21/04/2022,03:40:13 م,1062
1709,703,22,20/04/2022,04:36:19 م,
1691,1863,23,19/04/2022,09:13:53 م,115
1731,2070,23,21/04/2022,05:08:48 م,308
1786,545,22,25/04/2022,02:24:49 م,35.5
1710,1716,23,20/04/2022,04:42:17 م,76.5
1750,502,23,23/04/2022,05:54:51 م,
1754,438,23,24/04/2022,01:54:55 م,46
1799,653,22,26/04/2022,02:16:58 م,387
1692,601,23,19/04/2022,09:14:47 م,340
1818,875,1,27/04/2022,12:30:32 م,43.5
1732,231,22,21/04/2022,05:10:17 م,
1751,502,23,23/04/2022,05:55:09 م,141.5
1711,1716,23,20/04/2022,04:42:35 م,303
1726,601,23,21/04/2022,03:41:00 م,48
1736,730,1,21/04/2022,05:34:35 م,1201.5
1755,1873,1,24/04/2022,01:55:32 م,2392
1776,2198,1,25/04/2022,11:54:14 ص,198
1712,600,23,20/04/2022,04:43:56 م,150
1693,753,23,19/04/2022,09:27:37 م,189
1727,261,1,21/04/2022,04:10:45 م,212
1752,1633,23,23/04/2022,05:55:48 م,204.5
1713,467,15,20/04/2022,08:34:19 م,60.5
1694,546,1,19/04/2022,09:28:14 م,191
1777,721,15,25/04/2022,12:45:39 م,157
1728,261,1,21/04/2022,04:11:19 م,561
1695,234,15,19/04/2022,09:29:15 م,137
1729,261,1,21/04/2022,04:12:24 م,36
1730,1561,22,21/04/2022,04:50:41 م,150
1756,210,1,24/04/2022,01:56:32 م,93
1757,472,1,24/04/2022,01:57:03 م,
1733,231,22,21/04/2022,05:10:36 م,454
1758,472,1,24/04/2022,01:57:55 م,141.5
1734,1498,22,21/04/2022,05:20:25 م,302
1735,490,23,21/04/2022,05:31:01 م,285
1737,315,1,21/04/2022,05:49:38 م,256
1738,685,23,21/04/2022,08:29:43 م,226
1739,2070,23,21/04/2022,09:17:05 م,103
1740,569,23,21/04/2022,09:18:11 م,99
1741,184,22,21/04/2022,09:43:50 م,80
1759,1603,22,24/04/2022,01:58:25 م,288
1779,688,15,25/04/2022,01:23:24 م,130
1800,2027,1,26/04/2022,05:28:08 م,
1819,429,1,27/04/2022,12:49:31 م,375
1867,1487,15,28/04/2022,05:38:08 م,110
1913,1715,22,29/04/2022,05:58:18 م,1147.5
1919,1504,15,30/04/2022,11:36:03 ص,540
1937,292,1,30/04/2022,04:43:29 م,532
1742,288,22,21/04/2022,11:05:34 م,184
1801,2027,1,26/04/2022,05:28:44 م,134.5
1760,1697,22,24/04/2022,01:58:47 م,1472.5
1778,2107,23,25/04/2022,01:06:55 م,113.5
1820,1338,1,27/04/2022,12:50:14 م,62
1882,2249,0,29/04/2022,01:32:24 م,226
1743,751,23,21/04/2022,11:05:59 م,184
1802,748,23,26/04/2022,05:54:20 م,53
1761,453,23,24/04/2022,01:59:48 م,128
1790,670,15,25/04/2022,04:13:02 م,420
1803,647,1,26/04/2022,05:54:31 م,
1764,227,15,24/04/2022,04:24:06 م,150
1793,1831,22,25/04/2022,05:03:06 م,276
1821,2267,15,27/04/2022,01:25:04 م,295
1864,2249,0,28/04/2022,04:52:24 م,148
1804,2256,23,26/04/2022,06:00:19 م,450
1765,261,1,24/04/2022,05:02:50 م,
1794,1909,15,25/04/2022,05:04:39 م,
1822,620,15,27/04/2022,01:29:51 م,1745
1766,261,1,24/04/2022,05:03:23 م,141
1856,2249,0,28/04/2022,01:29:33 م,114
1795,1909,15,25/04/2022,05:07:04 م,76
1767,693,22,24/04/2022,05:04:00 م,127
1805,733,23,26/04/2022,06:08:38 م,3333.5
1768,199,23,24/04/2022,05:13:49 م,155
1780,682,22,25/04/2022,01:28:58 م,142
1806,733,23,26/04/2022,06:09:08 م,45
1769,242,23,24/04/2022,05:44:41 م,
1807,697,1,26/04/2022,06:10:04 م,576
1770,273,23,24/04/2022,05:46:01 م,219
1781,200,23,25/04/2022,01:29:45 م,3590.5
1771,336,23,24/04/2022,08:12:58 م,141.5
1772,1716,23,24/04/2022,09:39:11 م,143
1787,2181,23,25/04/2022,02:25:36 م,
1773,2256,23,24/04/2022,09:43:54 م,150
1774,722,15,25/04/2022,10:25:03 ص,87
1775,2249,0,25/04/2022,10:31:15 ص,87
1782,2086,22,25/04/2022,01:31:54 م,
1783,1689,22,25/04/2022,01:33:41 م,27
1784,2086,22,25/04/2022,01:34:06 م,547.5
1808,1561,22,26/04/2022,08:27:19 م,412.5
1857,1821,23,28/04/2022,01:44:05 م,165
1914,457,22,29/04/2022,08:11:43 م,211.5
1823,513,1,27/04/2022,01:30:43 م,630
1920,1319,15,30/04/2022,11:36:58 ص,
1938,2086,22,30/04/2022,04:49:35 م,168
1950,753,23,01/05/2022,10:36:35 ص,129
1966,233,22,07/05/2022,02:54:12 م,66
1809,2068,15,26/04/2022,08:34:20 م,150
1868,1487,15,28/04/2022,05:49:19 م,137.5
1824,931,1,27/04/2022,01:31:28 م,157.5
1785,1512,22,25/04/2022,01:43:23 م,151.5
1915,673,22,29/04/2022,09:42:02 م,95
1810,2142,0,26/04/2022,09:18:39 م,186
1939,2086,22,30/04/2022,04:50:07 م,291
1951,276,15,01/05/2022,11:01:53 ص,234.5
1825,1243,15,27/04/2022,02:17:05 م,
1788,2035,22,25/04/2022,02:26:11 م,147
1869,2169,1,28/04/2022,07:49:55 م,126
1811,272,22,26/04/2022,09:19:00 م,310
1916,2249,0,30/04/2022,10:15:32 ص,195
1826,1243,15,27/04/2022,02:18:21 م,
1789,1347,15,25/04/2022,02:26:38 م,80
1870,1716,23,28/04/2022,07:50:57 م,932
1812,1116,22,26/04/2022,09:19:17 م,85.5
1898,1268,15,29/04/2022,03:10:58 م,80
1921,2249,0,30/04/2022,11:55:42 ص,73
1827,1243,15,27/04/2022,02:19:44 م,91.25
1796,2114,15,25/04/2022,09:45:53 م,250
1813,649,1,26/04/2022,09:20:03 م,323.5
1828,1716,23,27/04/2022,02:23:09 م,260
1884,345,22,29/04/2022,01:55:01 م,379
1829,2057,1,27/04/2022,02:23:50 م,150
1814,421,22,26/04/2022,10:10:42 م,741
1830,1346,15,27/04/2022,02:24:44 م,142
1849,1942,15,28/04/2022,11:52:36 ص,
1815,1230,0,26/04/2022,10:11:05 م,435
1850,2249,0,28/04/2022,12:25:28 م,71.25
1831,739,15,27/04/2022,02:30:47 م,42.5
1816,420,1,26/04/2022,10:15:12 م,210
1851,750,23,28/04/2022,12:37:41 م,
1832,1346,15,27/04/2022,02:31:46 م,79
1817,722,15,27/04/2022,10:36:09 ص,87
1852,750,23,28/04/2022,12:38:17 م,1903
1833,733,23,27/04/2022,03:23:21 م,525
1834,1364,22,27/04/2022,03:23:32 م,195
1847,675,15,28/04/2022,11:12:25 ص,25
1835,345,22,27/04/2022,03:24:20 م,105
1861,408,15,28/04/2022,02:51:16 م,256
1885,2086,22,29/04/2022,01:57:37 م,123
1922,1522,1,30/04/2022,12:59:16 م,172
1940,935,22,30/04/2022,05:02:30 م,675
1952,1597,15,01/05/2022,11:10:01 ص,435.5
1967,233,22,07/05/2022,02:55:59 م,231
1983,360,22,08/05/2022,01:01:46 م,118
1998,733,23,09/05/2022,11:30:24 ص,
1836,2249,0,27/04/2022,03:26:15 م,142
1848,675,15,28/04/2022,11:22:24 ص,72.5
1917,2249,0,30/04/2022,10:55:29 ص,
1918,2249,0,30/04/2022,10:56:35 ص,
1968,233,22,07/05/2022,02:57:15 م,66
1853,2070,23,28/04/2022,12:39:45 م,256
1837,1404,15,27/04/2022,04:15:06 م,390
1858,386,22,28/04/2022,02:24:41 م,333
1953,427,15,01/05/2022,12:19:36 م,808
1838,342,15,27/04/2022,04:55:10 م,417
1871,1697,22,28/04/2022,07:51:52 م,534
1923,703,22,30/04/2022,12:59:58 م,75
1839,256,23,27/04/2022,05:27:33 م,228
1859,1714,22,28/04/2022,02:29:56 م,35.5
1924,2197,1,30/04/2022,01:00:17 م,424
1886,2086,22,29/04/2022,01:58:16 م,46
1954,160,22,01/05/2022,01:29:37 م,1725
1840,1851,22,27/04/2022,05:28:50 م,250
1872,2249,0,28/04/2022,08:30:24 م,215
1925,2197,1,30/04/2022,01:00:57 م,319
1887,345,22,29/04/2022,02:02:37 م,
1841,354,1,27/04/2022,08:06:35 م,1287
1926,667,22,30/04/2022,01:01:18 م,138.5
1854,182,23,28/04/2022,12:45:45 م,
1842,625,1,27/04/2022,08:45:35 م,312
1855,477,15,28/04/2022,12:46:21 م,58.75
1843,625,1,27/04/2022,08:46:55 م,63
1860,2190,1,28/04/2022,02:33:51 م,187
1844,511,15,27/04/2022,09:53:57 م,170
1892,326,23,29/04/2022,02:35:22 م,535
1863,1633,23,28/04/2022,02:53:19 م,66
1888,2086,22,29/04/2022,02:03:12 م,
1845,2197,1,27/04/2022,11:01:13 م,230
1862,511,15,28/04/2022,02:52:47 م,305
1846,2281,15,27/04/2022,11:31:32 م,360
1865,1498,22,28/04/2022,04:53:34 م,617
1873,2217,15,28/04/2022,08:36:24 م,127
1874,995,15,28/04/2022,08:59:33 م,160
1875,1603,22,28/04/2022,09:05:15 م,601
1889,1495,15,29/04/2022,02:26:57 م,1372.5
1927,210,1,30/04/2022,01:02:39 م,2256
1948,1716,23,30/04/2022,09:06:12 م,180
1955,1635,15,01/05/2022,01:46:50 م,195
1969,2174,15,07/05/2022,04:01:29 م,216
1984,753,23,08/05/2022,02:12:44 م,648
1999,733,23,09/05/2022,11:46:36 ص,210
2041,1164,22,10/05/2022,11:30:29 ص,1940
1876,1689,22,28/04/2022,09:06:08 م,252
1897,553,22,29/04/2022,02:43:22 م,318
1928,368,1,30/04/2022,01:04:50 م,2604
1942,2070,23,30/04/2022,05:41:45 م,253
1956,467,15,01/05/2022,01:51:33 م,245
1970,1635,15,07/05/2022,06:14:59 م,105
1877,1697,22,28/04/2022,09:06:28 م,
1929,295,23,30/04/2022,01:06:56 م,49.5
1878,2249,0,28/04/2022,09:07:42 م,69
1957,2031,22,01/05/2022,02:31:46 م,380
1930,166,15,30/04/2022,01:20:08 م,245.5
1944,649,1,30/04/2022,08:06:41 م,906
1890,1495,15,29/04/2022,02:28:49 م,149
1879,1716,23,28/04/2022,09:43:10 م,
1899,493,23,29/04/2022,04:04:01 م,283
1971,1164,22,07/05/2022,06:44:22 م,1300
1977,502,23,08/05/2022,11:23:04 ص,
1880,1716,23,28/04/2022,09:43:49 م,
1900,2158,22,29/04/2022,04:05:03 م,
1881,234,15,29/04/2022,11:33:26 ص,
1945,542,1,30/04/2022,08:11:30 م,142.5
1941,1976,22,30/04/2022,05:08:01 م,111
1931,1268,15,30/04/2022,01:26:27 م,50
1958,2169,1,01/05/2022,02:47:30 م,462.5
1932,1495,15,30/04/2022,01:55:28 م,442.5
1891,345,22,29/04/2022,02:31:36 م,26
1933,1495,15,30/04/2022,01:56:08 م,417
1893,1863,23,29/04/2022,02:36:02 م,91.25
1934,242,1,30/04/2022,02:37:19 م,256
1894,1067,15,29/04/2022,02:36:39 م,157
1935,2268,22,30/04/2022,03:22:47 م,421.5
1895,396,22,29/04/2022,02:37:04 م,167
1896,256,23,29/04/2022,02:37:36 م,52.5
1936,1487,15,30/04/2022,03:34:46 م,112.5
1901,2158,22,29/04/2022,04:05:41 م,362
1902,1715,22,29/04/2022,04:07:37 م,305
1903,1189,15,29/04/2022,04:13:23 م,368.5
1904,2068,15,29/04/2022,04:18:27 م,20
1905,659,23,29/04/2022,04:34:22 م,71
1959,1576,15,01/05/2022,02:54:06 م,150
1972,1902,22,07/05/2022,06:44:54 م,520.5
2009,2190,1,09/05/2022,02:23:19 م,416
2020,2068,15,09/05/2022,07:52:49 م,153
1943,1481,22,30/04/2022,05:49:18 م,1290
2049,1633,23,10/05/2022,03:19:19 م,
2076,2249,0,11/05/2022,01:24:30 م,158
2102,2246,15,12/05/2022,11:16:26 ص,103.5
1985,2198,1,08/05/2022,02:19:32 م,
1906,295,23,29/04/2022,04:52:50 م,193.8
1960,467,15,01/05/2022,02:59:52 م,90
1946,1688,1,30/04/2022,08:57:17 م,92
2050,254,23,10/05/2022,03:19:57 م,132
1973,1714,22,07/05/2022,06:46:31 م,314
1978,502,23,08/05/2022,11:23:16 ص,
2008,1944,15,09/05/2022,01:07:38 م,260
1961,898,22,01/05/2022,03:07:27 م,292
1907,457,22,29/04/2022,04:54:23 م,305
1947,1311,1,30/04/2022,08:59:21 م,172.5
2079,733,23,11/05/2022,02:21:20 م,49
1979,1338,1,08/05/2022,11:23:54 ص,
2000,261,1,09/05/2022,11:47:33 ص,1452
1908,392,1,29/04/2022,04:54:41 م,21.25
2051,1716,23,10/05/2022,03:41:58 م,56.25
1949,748,23,30/04/2022,09:08:01 م,397.5
1962,2086,22,01/05/2022,03:23:32 م,36.5
1974,2070,23,08/05/2022,10:30:32 ص,
1909,1539,23,29/04/2022,04:55:14 م,471
2010,682,22,09/05/2022,03:13:50 م,976
1975,2070,23,08/05/2022,10:31:32 ص,
1963,2158,22,01/05/2022,03:24:02 م,260
2052,420,1,10/05/2022,04:09:07 م,234
1976,2070,23,08/05/2022,10:31:55 ص,
1964,2035,22,01/05/2022,04:08:47 م,289
1910,392,1,29/04/2022,04:56:20 م,21.25
1980,502,23,08/05/2022,11:31:33 ص,128
1965,1485,22,01/05/2022,04:29:18 م,89
1911,295,23,29/04/2022,05:23:09 م,138
2011,931,1,09/05/2022,03:32:24 م,157.5
1981,1633,23,08/05/2022,11:32:21 ص,181
1912,342,15,29/04/2022,05:27:41 م,155
2012,1212,15,09/05/2022,04:30:41 م,24
1982,552,22,08/05/2022,11:36:14 ص,66
1986,542,1,08/05/2022,04:53:32 م,1100
1987,595,22,08/05/2022,04:54:00 م,159
1988,453,23,08/05/2022,09:58:48 م,74
1989,1716,23,08/05/2022,10:01:40 م,
1990,1716,23,08/05/2022,10:03:26 م,
2004,2284,15,09/05/2022,11:51:48 ص,3680
2075,2035,22,11/05/2022,12:57:10 م,412.5
2104,518,15,12/05/2022,11:37:22 ص,37
2118,1522,1,12/05/2022,10:57:33 م,4750
2122,1985,15,14/05/2022,10:11:29 ص,295
2138,685,23,15/05/2022,11:35:03 ص,1439
2145,171,23,15/05/2022,09:01:45 م,
1991,1633,23,08/05/2022,10:05:00 م,344
2013,659,23,09/05/2022,05:01:56 م,415.5
2053,1268,15,10/05/2022,04:24:47 م,
2080,1203,15,11/05/2022,03:17:06 م,37
2119,314,22,12/05/2022,10:58:06 م,
2105,2293,0,12/05/2022,11:53:31 ص,164
2014,2288,0,09/05/2022,05:17:46 م,409
2054,1268,15,10/05/2022,04:25:23 م,101
1992,477,15,08/05/2022,10:16:09 م,65
2081,513,1,11/05/2022,03:35:47 م,115
2106,2293,0,12/05/2022,11:53:52 ص,164
1993,748,23,08/05/2022,10:16:53 م,
2100,461,1,11/05/2022,11:18:27 م,75
1994,748,23,08/05/2022,10:17:50 م,66
2015,430,22,09/05/2022,05:45:09 م,453
2107,615,15,12/05/2022,01:01:14 م,140
2055,1716,23,10/05/2022,04:33:50 م,411
1995,653,22,09/05/2022,10:27:57 ص,125
2021,935,22,09/05/2022,09:39:56 م,381
2042,753,23,10/05/2022,11:38:17 ص,180
2068,231,22,11/05/2022,11:07:38 ص,354
1996,1108,15,09/05/2022,10:43:41 ص,804
2056,1495,15,10/05/2022,04:37:07 م,417
1997,2249,0,09/05/2022,10:49:01 ص,125
2016,314,22,09/05/2022,05:45:43 م,232.5
2077,1495,15,11/05/2022,01:38:02 م,1728
2057,1257,23,10/05/2022,05:17:58 م,1859
2069,424,14,11/05/2022,12:27:00 م,2984.94
2001,231,22,09/05/2022,11:48:46 ص,99.5
2039,1987,15,10/05/2022,10:12:22 ص,188
2002,168,22,09/05/2022,11:49:23 ص,134.5
2048,2280,23,10/05/2022,02:03:46 م,1249.5
2003,159,23,09/05/2022,11:50:19 ص,143.6
2017,296,1,09/05/2022,05:46:21 م,289
2005,1216,15,09/05/2022,12:30:39 م,113
2006,1831,22,09/05/2022,12:40:38 م,1034
2018,918,22,09/05/2022,05:47:24 م,98
2007,166,15,09/05/2022,12:58:45 م,410
2019,1841,15,09/05/2022,06:04:17 م,69
2022,1954,22,09/05/2022,09:42:18 م,252
2078,2249,0,11/05/2022,01:52:07 م,88
2101,1119,15,12/05/2022,10:58:33 ص,104
2058,651,15,10/05/2022,05:20:20 م,635
2082,453,23,11/05/2022,03:36:16 م,128
2108,2249,0,12/05/2022,01:20:52 م,26
2123,2249,0,14/05/2022,10:40:29 ص,115
2139,1338,1,15/05/2022,11:36:38 ص,60
2146,171,23,15/05/2022,09:02:02 م,
2023,935,22,09/05/2022,09:44:09 م,
2070,2197,1,11/05/2022,12:35:52 م,303
2024,918,22,09/05/2022,09:56:19 م,98
2059,354,1,10/05/2022,05:20:56 م,378
2109,1669,22,12/05/2022,01:23:24 م,
2140,1863,23,15/05/2022,01:36:00 م,570
2124,1243,15,14/05/2022,10:52:53 ص,96
2025,2252,23,09/05/2022,10:01:25 م,408.75
2060,1099,23,10/05/2022,05:32:42 م,1307
2125,307,15,14/05/2022,11:40:42 ص,62.5
2083,220,22,11/05/2022,03:37:03 م,1671
2061,934,23,10/05/2022,06:24:40 م,220
2110,1669,22,12/05/2022,01:35:33 م,142.5
2026,2252,23,09/05/2022,10:03:04 م,
2062,1633,23,10/05/2022,06:43:08 م,170
2027,2252,23,09/05/2022,10:03:57 م,
2071,2197,1,11/05/2022,12:36:23 م,147
2028,2252,23,09/05/2022,10:04:15 م,484
2111,346,15,12/05/2022,02:13:30 م,66
2063,1486,22,10/05/2022,09:35:13 م,42.5
2084,968,15,11/05/2022,03:38:33 م,141
2064,212,22,10/05/2022,09:36:16 م,
2029,2285,23,09/05/2022,10:06:03 م,154.5
2065,685,23,10/05/2022,09:37:52 م,390
2030,1812,15,09/05/2022,10:06:53 م,
2047,2039,15,10/05/2022,01:22:07 م,147
2031,1812,15,09/05/2022,10:07:51 م,316
2066,468,23,10/05/2022,09:38:22 م,132
2032,2252,23,09/05/2022,10:34:43 م,845
2067,753,23,10/05/2022,09:38:49 م,134.5
2033,216,23,09/05/2022,10:44:20 م,612
2034,216,23,09/05/2022,10:46:02 م,1036
2035,2142,0,09/05/2022,10:48:01 م,210
2045,2142,0,10/05/2022,12:31:43 م,85
2036,254,23,09/05/2022,10:52:03 م,546
2037,144,,09/05/2022,10:56:07 م,
2040,1987,15,10/05/2022,10:16:18 ص,145
2038,2035,22,09/05/2022,10:56:16 م,228
2043,600,23,10/05/2022,11:41:31 ص,350
2085,1909,15,11/05/2022,04:17:02 م,81
2112,502,23,12/05/2022,03:19:55 م,293
2126,267,15,14/05/2022,12:38:30 م,310
2141,336,23,15/05/2022,01:38:07 م,77
2044,490,23,10/05/2022,11:43:07 ص,
2147,171,23,15/05/2022,09:02:29 م,1806
2154,1689,22,16/05/2022,11:37:07 ص,492
2187,160,22,17/05/2022,03:56:54 م,83.5
2210,1335,1,18/05/2022,01:44:41 م,460.5
2086,1757,22,11/05/2022,04:38:47 م,65
2226,733,23,19/05/2022,01:37:46 م,380
2046,1714,22,10/05/2022,12:48:01 م,696
2142,1257,23,15/05/2022,03:15:55 م,309.6
2113,1954,22,12/05/2022,04:49:17 م,
2127,2039,15,14/05/2022,12:58:35 م,177
2087,688,15,11/05/2022,05:02:53 م,977
2155,1495,15,16/05/2022,11:50:07 ص,169.5
2143,1257,23,15/05/2022,03:15:59 م,
2114,1954,22,12/05/2022,04:49:39 م,
2128,2255,0,14/05/2022,02:02:01 م,466.5
2115,1954,22,12/05/2022,04:50:33 م,1820
2088,2280,23,11/05/2022,05:13:14 م,607.5
2072,1145,22,11/05/2022,12:39:29 م,526
2148,1812,15,15/05/2022,10:21:49 م,268
2144,805,0,15/05/2022,04:54:13 م,8470
2149,218,22,15/05/2022,10:29:23 م,
2073,733,23,11/05/2022,12:40:48 م,329.5
2103,730,1,12/05/2022,11:18:13 ص,439.5
2120,314,22,12/05/2022,11:00:53 م,273
2129,2190,1,14/05/2022,03:11:40 م,250
2116,2105,22,12/05/2022,05:03:58 م,437
2074,2233,22,11/05/2022,12:41:18 م,22.5
2130,688,15,14/05/2022,03:18:04 م,332
2117,1942,15,12/05/2022,07:58:51 م,1050
2131,1867,15,14/05/2022,04:52:20 م,918
2121,2057,1,12/05/2022,11:01:49 م,217
2089,1980,1,11/05/2022,05:17:28 م,156.5
2090,414,1,11/05/2022,05:42:52 م,
2132,392,1,14/05/2022,06:01:10 م,76.75
2091,346,15,11/05/2022,05:43:47 م,22.5
2092,414,1,11/05/2022,05:43:52 م,806
2093,1990,22,11/05/2022,05:44:35 م,359.3
2094,261,1,11/05/2022,06:26:03 م,1485
2095,261,1,11/05/2022,06:29:06 م,462.5
2096,2228,23,11/05/2022,06:45:43 م,873
2097,2249,0,11/05/2022,08:20:24 م,375
2133,1716,23,14/05/2022,07:30:04 م,113
2150,218,22,15/05/2022,10:31:29 م,
2098,1561,22,11/05/2022,08:50:13 م,81
2188,1447,15,17/05/2022,04:04:03 م,278
2211,360,22,18/05/2022,03:12:13 م,179
2227,1716,23,19/05/2022,01:38:57 م,
2245,337,23,21/05/2022,02:50:51 م,1395
2156,777,0,16/05/2022,01:59:15 م,
2266,2169,1,22/05/2022,02:48:07 م,4545
2134,502,23,14/05/2022,08:02:42 م,
2099,142,15,11/05/2022,08:58:08 م,82.5
2228,1716,23,19/05/2022,01:39:39 م,441
2151,218,22,15/05/2022,10:33:18 م,264
2135,703,22,14/05/2022,08:46:05 م,369.5
2189,2035,22,17/05/2022,04:53:10 م,52
2157,1268,15,16/05/2022,03:59:07 م,130
2212,1714,22,18/05/2022,03:12:45 م,217
2225,502,23,19/05/2022,11:43:45 ص,163
2249,2249,0,21/05/2022,04:20:05 م,52
2262,1498,22,22/05/2022,11:21:57 ص,6012
2136,502,23,14/05/2022,08:46:48 م,134
2152,251,1,16/05/2022,10:48:20 ص,292
2190,2035,22,17/05/2022,04:58:33 م,125
2213,256,23,18/05/2022,03:14:40 م,127.5
2137,256,23,14/05/2022,08:48:10 م,47.5
2229,160,22,19/05/2022,02:15:46 م,310
2191,649,1,17/05/2022,05:23:18 م,4250
2153,2246,15,16/05/2022,11:31:43 ص,160
2214,1715,22,18/05/2022,03:47:00 م,739.5
2192,1067,15,17/05/2022,05:43:41 م,131
2158,615,15,16/05/2022,04:16:27 م,85
2215,1715,22,18/05/2022,05:35:57 م,94
2193,1116,22,17/05/2022,05:48:47 م,244
2159,1522,1,16/05/2022,04:27:23 م,4936
2194,273,23,17/05/2022,06:14:12 م,280
2160,472,1,16/05/2022,04:27:59 م,23
2195,388,22,17/05/2022,06:15:12 م,433.5
2161,1701,15,16/05/2022,04:31:05 م,370.5
2162,1701,15,16/05/2022,04:31:15 م,370.5
2196,392,1,17/05/2022,07:14:40 م,114
2163,931,1,16/05/2022,04:51:31 م,
2164,931,1,16/05/2022,04:52:52 م,
2165,931,1,16/05/2022,04:53:02 م,138
2166,2282,23,16/05/2022,04:56:21 م,82
2167,386,22,16/05/2022,05:03:33 م,357
2168,386,22,16/05/2022,05:09:07 م,121
2197,685,23,17/05/2022,07:15:00 م,55.5
2250,2249,0,21/05/2022,05:32:30 م,36
2263,722,15,22/05/2022,12:52:10 م,109.5
2169,1980,1,16/05/2022,05:27:19 م,456
2216,1710,22,18/05/2022,06:11:24 م,288
2285,2039,15,23/05/2022,12:49:21 م,136.5
2198,559,1,17/05/2022,07:30:38 م,1278
2170,1980,1,16/05/2022,05:27:31 م,226
2217,671,22,18/05/2022,06:36:31 م,438
2264,1084,15,22/05/2022,12:53:57 م,447
2230,1954,22,19/05/2022,02:26:18 م,297
2199,1824,23,17/05/2022,07:50:05 م,472
2171,1986,15,16/05/2022,06:11:48 م,265
2218,329,23,18/05/2022,07:43:42 م,64
2231,336,23,19/05/2022,02:32:06 م,146.5
2246,1633,23,21/05/2022,02:59:14 م,1194
2200,2268,22,17/05/2022,08:02:01 م,193
2172,1954,22,16/05/2022,07:15:52 م,307
2219,453,23,18/05/2022,07:43:57 م,71.5
2232,354,1,19/05/2022,02:32:36 م,146
2220,210,1,18/05/2022,07:44:15 م,4250
2201,252,1,17/05/2022,09:08:09 م,369
2173,2071,15,16/05/2022,07:41:18 م,320
2233,405,22,19/05/2022,03:03:54 م,4650
2221,682,22,18/05/2022,07:59:23 م,226
2202,252,1,17/05/2022,09:10:17 م,
2174,625,1,16/05/2022,07:47:07 م,
2222,2306,0,18/05/2022,09:35:17 م,348
2175,625,1,16/05/2022,07:49:21 م,126
2203,252,1,17/05/2022,09:27:37 م,65
2176,1485,22,16/05/2022,08:05:38 م,117
2204,297,1,17/05/2022,09:28:17 م,218
2177,502,23,16/05/2022,08:05:46 م,193
2205,2310,0,17/05/2022,09:29:23 م,
2178,256,23,16/05/2022,08:06:37 م,418.5
2206,2309,0,17/05/2022,09:29:37 م,94.5
2179,2233,22,16/05/2022,08:07:15 م,395
2207,956,22,17/05/2022,09:30:12 م,66.5
2180,1831,22,16/05/2022,08:07:52 م,196
2181,651,15,16/05/2022,08:49:55 م,
2182,651,15,16/05/2022,08:50:28 م,412.5
2183,1954,22,16/05/2022,09:06:04 م,550
2184,1643,23,16/05/2022,09:08:04 م,262
2185,1954,22,16/05/2022,09:08:05 م,
2186,1954,22,16/05/2022,09:08:26 م,617
2208,325,15,17/05/2022,10:27:22 م,448.5
2223,601,23,18/05/2022,09:36:59 م,174
2234,935,22,19/05/2022,04:49:29 م,
2247,301,22,21/05/2022,03:00:31 م,61.5
2265,1576,15,22/05/2022,01:24:27 م,194
2286,2249,0,23/05/2022,01:00:22 م,465
2315,594,15,24/05/2022,10:25:22 ص,70
2209,1108,15,18/05/2022,11:11:53 ص,459
2235,935,22,19/05/2022,04:50:11 م,141.5
2248,261,1,21/05/2022,03:35:32 م,576
2287,2249,0,23/05/2022,01:15:07 م,
2267,736,23,22/05/2022,02:49:14 م,80
2224,2281,15,18/05/2022,09:58:48 م,485
2316,1377,15,24/05/2022,12:02:08 م,62
2236,2247,0,19/05/2022,05:50:19 م,127
2288,2249,0,23/05/2022,01:17:45 م,
2268,1545,15,22/05/2022,03:03:45 م,129.5
2251,194,0,21/05/2022,06:03:56 م,87
2317,918,22,24/05/2022,01:08:22 م,217
2237,2280,23,19/05/2022,05:58:56 م,1912
2289,2249,0,23/05/2022,01:19:21 م,88
2252,659,23,21/05/2022,06:06:46 م,237
2269,2249,0,22/05/2022,03:14:17 م,
2238,1942,15,19/05/2022,07:18:04 م,180
2290,1061,1,23/05/2022,01:20:12 م,135
2253,682,22,21/05/2022,06:08:52 م,45
2239,1855,23,19/05/2022,07:18:50 م,82
2270,1485,22,22/05/2022,04:11:07 م,436
2254,1909,15,21/05/2022,06:09:16 م,1146
2240,1701,15,19/05/2022,07:35:54 م,284
2271,1485,22,22/05/2022,04:37:27 م,85.5
2255,373,22,21/05/2022,06:09:28 م,184
2291,753,23,23/05/2022,02:28:53 م,421
2241,1701,15,19/05/2022,08:08:14 م,30
2272,1757,22,22/05/2022,05:33:29 م,221
2242,529,14,19/05/2022,09:34:18 م,73000.5
2256,314,22,21/05/2022,07:14:38 م,
2243,733,23,19/05/2022,10:05:06 م,320.5
2257,651,15,21/05/2022,08:18:57 م,402.5
2244,733,23,19/05/2022,10:14:27 م,277
2258,1697,22,21/05/2022,10:27:29 م,267
2259,1960,22,21/05/2022,10:27:55 م,315
2260,2142,0,21/05/2022,10:28:34 م,45
2261,314,22,21/05/2022,11:04:47 م,172.5
2273,733,23,22/05/2022,06:06:25 م,
2292,553,22,23/05/2022,03:23:39 م,263
2318,2105,22,24/05/2022,01:09:14 م,79
2274,733,23,22/05/2022,06:07:16 م,
2293,2097,15,23/05/2022,04:23:20 م,108.75
2319,438,23,24/05/2022,01:09:42 م,35.5
2275,733,23,22/05/2022,06:08:45 م,2085
2294,2097,15,23/05/2022,04:23:41 م,
2320,1177,1,24/05/2022,01:10:48 م,635
2276,1498,22,22/05/2022,06:15:50 م,1720
2321,210,1,24/05/2022,01:11:22 م,219
2277,2249,0,22/05/2022,06:41:53 م,25
2295,2097,15,23/05/2022,04:28:18 م,
2322,1311,1,24/05/2022,01:13:21 م,334
2296,2249,0,23/05/2022,04:49:22 م,59
2278,721,15,22/05/2022,08:04:21 م,390
2323,931,1,24/05/2022,01:47:07 م,177.5
2297,716,22,23/05/2022,04:54:51 م,541
2279,545,22,22/05/2022,08:07:47 م,1080
2324,931,1,24/05/2022,01:47:38 م,
2280,552,22,22/05/2022,08:09:34 م,283
2298,2116,22,23/05/2022,04:56:01 م,
2325,2158,22,24/05/2022,02:42:42 م,161
2281,1954,22,22/05/2022,08:19:28 م,382
2299,670,15,23/05/2022,05:39:08 م,265
2326,733,23,24/05/2022,04:04:09 م,172
2300,1495,15,23/05/2022,05:48:42 م,101
2282,651,15,22/05/2022,09:04:15 م,217
2301,1561,22,23/05/2022,06:01:03 م,771
2283,300,1,22/05/2022,09:12:59 م,2297.5
2302,1445,15,23/05/2022,06:20:52 م,77
2284,2316,1,22/05/2022,09:14:50 م,8300
2303,1487,15,23/05/2022,06:58:58 م,415.5
2304,1672,15,23/05/2022,07:37:30 م,290
2305,688,15,23/05/2022,07:46:38 م,
2306,688,15,23/05/2022,07:49:22 م,596
2327,2249,0,24/05/2022,04:13:17 م,
2307,276,15,23/05/2022,07:53:05 م,131
2328,2305,15,24/05/2022,04:20:08 م,304
2308,342,15,23/05/2022,07:54:01 م,160
2309,2070,23,23/05/2022,07:57:21 م,
2329,2305,15,24/05/2022,04:21:05 م,42
2310,2070,23,23/05/2022,08:04:29 م,126
2311,600,23,23/05/2022,08:28:06 م,2127
2330,2249,0,24/05/2022,05:31:30 م,950
2331,935,22,24/05/2022,05:37:37 م,
2332,935,22,24/05/2022,05:38:49 م,133.5
2333,144,,24/05/2022,05:49:05 م,
2334,601,23,24/05/2022,05:49:20 م,438
2312,320,1,23/05/2022,09:08:43 م,434
2335,935,22,24/05/2022,05:58:46 م,59.75
2313,2086,22,23/05/2022,09:09:52 م,1253.5
2336,1863,23,24/05/2022,06:02:26 م,420
2337,2097,15,24/05/2022,06:18:09 م,70
2314,2086,22,23/05/2022,09:11:05 م,1548
2338,2020,15,24/05/2022,06:54:35 م,440
2339,703,22,24/05/2022,06:56:02 م,257
2340,231,22,24/05/2022,06:56:35 م,674.5
