Order_h_id,Account_id,Emp_id,Date_d,Time_t,Total_total
1,204,0,01/01/2022,10:52:38 ص,23500
5,779,0,02/01/2022,01:44:04 م,36155
54,819,0,06/01/2022,10:49:11 ص,159470
42,204,0,05/01/2022,12:46:22 م,19000
14,1477,0,03/01/2022,12:43:39 م,54155.04
30,761,0,04/01/2022,01:20:57 م,2500
2,774,0,01/01/2022,01:00:58 م,52900
43,1477,0,05/01/2022,12:47:13 م,5100
31,782,0,04/01/2022,02:04:32 م,40696.24
6,824,0,02/01/2022,03:50:34 م,57992.96
3,766,0,01/01/2022,02:30:06 م,32600
15,772,0,03/01/2022,01:01:39 م,14999.99
44,793,0,05/01/2022,02:20:23 م,58535.04
16,1517,0,03/01/2022,01:03:09 م,9560
4,782,0,01/01/2022,02:30:50 م,34511.24
32,774,0,04/01/2022,02:32:33 م,59090
55,811,0,06/01/2022,01:14:44 م,79270
45,773,0,05/01/2022,02:21:55 م,64625
17,819,0,03/01/2022,01:10:15 م,217017.5
56,1265,0,06/01/2022,01:21:17 م,21800
7,766,0,02/01/2022,04:52:46 م,17500
46,824,0,05/01/2022,03:23:59 م,74146.32
8,1747,0,02/01/2022,04:54:23 م,25330.7
18,763,0,03/01/2022,02:03:30 م,2100
33,264,15,04/01/2022,03:00:48 م,7000.2
9,823,0,02/01/2022,10:10:36 م,15724.8
34,766,0,04/01/2022,03:02:49 م,71681.05
19,1451,0,03/01/2022,02:07:16 م,6277.5
47,766,0,05/01/2022,03:38:06 م,30520
10,816,0,02/01/2022,10:17:08 م,66080.1
20,830,0,03/01/2022,02:52:26 م,11222.4
21,759,0,03/01/2022,02:52:50 م,6487
11,777,0,02/01/2022,11:23:39 م,91130
22,782,0,03/01/2022,03:21:29 م,35178.8
23,2130,0,03/01/2022,03:37:32 م,97863.07
12,872,37,02/01/2022,11:31:17 م,2872.15
35,1477,0,04/01/2022,04:19:50 م,38105.04
79,782,0,09/01/2022,02:42:30 م,28245.18
122,204,0,12/01/2022,12:38:28 م,23750
104,1517,0,11/01/2022,11:26:15 ص,12250
89,779,0,10/01/2022,11:55:41 ص,30900
48,777,0,05/01/2022,03:58:12 م,76650
126,819,0,13/01/2022,11:21:10 ص,141987
57,1517,0,06/01/2022,01:24:25 م,18250
123,1477,0,12/01/2022,12:39:55 م,32125
105,774,0,11/01/2022,01:02:29 م,61620
36,774,0,04/01/2022,04:56:50 م,56830
90,759,0,10/01/2022,12:40:34 م,4800
69,872,37,08/01/2022,11:31:39 ص,3607.5
80,784,0,09/01/2022,02:47:20 م,18540
58,1451,0,06/01/2022,01:41:11 م,18572.5
70,824,0,08/01/2022,11:37:03 ص,133900.95
106,1451,0,11/01/2022,01:22:32 م,18300
37,1274,0,04/01/2022,04:58:51 م,61069.74
24,812,0,03/01/2022,05:40:36 م,47200
81,833,0,09/01/2022,02:47:48 م,10660
91,824,0,01/01/2022,02:14:23 م,69035.96
38,779,0,04/01/2022,04:59:17 م,51500
49,1451,0,05/01/2022,04:05:24 م,9937.5
82,773,0,09/01/2022,02:48:18 م,65825
71,1477,0,08/01/2022,12:40:45 م,73825
50,785,0,05/01/2022,04:08:06 م,11700
92,2130,0,10/01/2022,02:25:11 م,51240.05
51,460,22,05/01/2022,04:44:16 م,9100
25,204,0,03/01/2022,06:36:33 م,19000
83,819,0,09/01/2022,02:53:54 م,218579.19
26,1477,0,03/01/2022,06:37:29 م,16391.4
59,773,0,06/01/2022,02:54:08 م,10610
52,782,0,05/01/2022,05:54:19 م,34018.3
60,766,0,06/01/2022,03:22:32 م,99950
27,973,0,03/01/2022,07:23:48 م,50419.65
39,2130,0,04/01/2022,06:35:55 م,68605.34
61,775,0,06/01/2022,04:11:06 م,
53,780,0,05/01/2022,07:46:24 م,58010
62,775,0,06/01/2022,04:11:58 م,31287.25
28,824,0,03/01/2022,09:32:23 م,64485.95
63,759,0,06/01/2022,04:39:34 م,6393
29,823,0,03/01/2022,09:38:09 م,18820.92
64,824,0,06/01/2022,04:40:13 م,41064.78
40,460,22,04/01/2022,07:33:08 م,1860
41,832,0,04/01/2022,08:03:55 م,102627.5
84,775,0,09/01/2022,03:40:20 م,28612.94
124,759,0,12/01/2022,12:41:33 م,4959
146,811,0,16/01/2022,11:38:22 ص,20440
147,204,0,16/01/2022,02:32:02 م,18800
72,782,0,08/01/2022,04:10:57 م,32025.37
171,766,0,18/01/2022,11:29:19 ص,39774
107,792,0,11/01/2022,01:58:16 م,9000
93,770,0,10/01/2022,02:28:33 م,86615.15
141,1451,0,15/01/2022,01:35:30 م,13557.51
65,766,0,06/01/2022,04:56:52 م,31025
154,1517,0,17/01/2022,11:42:40 ص,18300
179,793,0,18/01/2022,08:01:23 م,20368
148,777,0,16/01/2022,02:32:56 م,74920
108,815,0,11/01/2022,02:31:41 م,59230
125,782,0,12/01/2022,03:07:34 م,19505.64
73,774,0,08/01/2022,04:14:47 م,62670
109,763,0,11/01/2022,02:37:18 م,2100
85,833,0,09/01/2022,05:49:39 م,5635
127,872,37,13/01/2022,11:48:29 ص,3854.65
74,798,0,08/01/2022,04:17:28 م,18546.75
86,529,14,09/01/2022,05:50:45 م,13500
110,760,0,11/01/2022,03:44:52 م,2400
111,820,0,11/01/2022,03:53:01 م,15600
87,812,0,09/01/2022,06:37:22 م,47011.2
66,1070,0,06/01/2022,08:51:56 م,15162
142,779,0,15/01/2022,02:32:05 م,25750
94,773,0,10/01/2022,03:39:01 م,7830
143,811,0,15/01/2022,02:49:17 م,19500
128,2079,1,13/01/2022,12:01:49 م,4000
95,766,0,10/01/2022,03:39:40 م,69150.05
67,775,0,06/01/2022,09:10:38 م,16778
75,1082,0,08/01/2022,04:59:58 م,6290
129,831,0,13/01/2022,01:26:08 م,228648.91
112,779,0,11/01/2022,04:12:56 م,9744
68,775,0,06/01/2022,09:32:14 م,90416
96,733,23,10/01/2022,03:46:13 م,2004
113,774,0,11/01/2022,04:22:37 م,61215
88,824,0,09/01/2022,07:28:00 م,50773.38
76,2130,0,08/01/2022,05:56:28 م,97461.75
114,1477,0,11/01/2022,04:27:04 م,37875
97,824,0,10/01/2022,04:02:18 م,2755.72
77,823,0,08/01/2022,08:04:54 م,19447.06
98,824,0,10/01/2022,04:04:25 م,39253.44
78,766,0,08/01/2022,08:09:09 م,89600
99,782,0,10/01/2022,04:14:55 م,28798.18
181,774,0,19/01/2022,11:16:34 ص,62140
211,779,0,23/01/2022,01:07:21 م,24977.5
115,823,0,11/01/2022,04:38:37 م,21370.11
155,1451,0,17/01/2022,01:02:19 م,9180.02
172,1659,0,18/01/2022,11:30:32 ص,8250
198,204,0,22/01/2022,10:51:20 ص,19000
187,774,0,20/01/2022,02:38:26 م,60940
173,833,0,18/01/2022,11:32:44 ص,17538
149,766,0,16/01/2022,02:52:48 م,42025
156,823,0,17/01/2022,02:09:03 م,36784.14
100,774,0,10/01/2022,04:17:17 م,61820
199,830,0,22/01/2022,12:51:44 م,18570
130,973,0,13/01/2022,01:37:08 م,10083.93
180,786,0,18/01/2022,09:28:25 م,75535
131,823,0,13/01/2022,01:45:23 م,88095.8
150,782,0,16/01/2022,03:46:21 م,35495.1
144,460,22,15/01/2022,08:37:20 م,7480
101,775,0,10/01/2022,05:16:47 م,49489.15
145,1023,0,15/01/2022,08:40:36 م,21645.09
116,775,0,11/01/2022,05:06:16 م,22950
174,872,37,18/01/2022,01:00:53 م,5504.2
132,766,0,13/01/2022,01:48:45 م,57650.1
188,766,0,20/01/2022,03:03:27 م,19300.05
175,826,0,18/01/2022,04:46:24 م,107406.47
133,829,0,13/01/2022,02:02:43 م,51000
157,774,0,17/01/2022,03:35:17 م,64930
176,1659,0,18/01/2022,05:06:48 م,161010
102,1274,0,10/01/2022,09:11:22 م,54629.77
134,773,0,13/01/2022,02:28:48 م,70650
117,826,0,11/01/2022,06:23:19 م,136927.5
158,782,0,17/01/2022,03:38:42 م,34102.5
151,824,0,16/01/2022,04:30:50 م,64204.46
118,782,0,11/01/2022,06:35:37 م,22174.59
135,785,0,13/01/2022,03:48:15 م,13925
119,973,0,11/01/2022,07:13:39 م,23865.3
152,2130,0,16/01/2022,05:56:40 م,75877.2
136,264,15,13/01/2022,03:52:46 م,7700.22
137,824,0,13/01/2022,04:56:22 م,78970.23
120,770,0,11/01/2022,07:16:56 م,82255
103,777,0,10/01/2022,10:10:09 م,80900
138,1265,0,13/01/2022,06:08:59 م,16591.67
121,759,0,11/01/2022,07:53:20 م,665
212,775,0,23/01/2022,01:18:18 م,13421.61
249,793,0,25/01/2022,03:38:24 م,34400.5
241,766,0,25/01/2022,02:17:15 م,10075.05
177,204,0,18/01/2022,05:21:35 م,23500
219,1274,0,24/01/2022,11:12:40 ص,1560
153,779,0,17/01/2022,12:04:27 ص,41200
273,1082,0,29/01/2022,11:47:58 ص,68
178,1111,0,18/01/2022,05:56:19 م,13766
242,1659,0,25/01/2022,02:17:25 م,34000
220,1274,0,24/01/2022,11:14:21 ص,88857.27
139,1254,22,13/01/2022,07:30:05 م,7095
213,774,0,23/01/2022,01:23:25 م,62870
189,1256,0,20/01/2022,04:53:13 م,49520
159,819,0,17/01/2022,04:34:33 م,170650.3
182,1659,0,19/01/2022,02:31:41 م,50240
250,761,0,25/01/2022,03:41:42 م,3600
262,785,0,27/01/2022,01:18:39 م,11661
243,529,14,25/01/2022,02:19:27 م,63800
183,823,0,19/01/2022,03:49:23 م,117862.89
263,1451,0,27/01/2022,02:12:46 م,12907.52
140,983,0,13/01/2022,08:26:47 م,8600.4
214,782,0,23/01/2022,03:54:54 م,31610.02
244,828,0,25/01/2022,02:20:11 م,26200
184,766,0,19/01/2022,03:56:02 م,32700
200,763,0,22/01/2022,01:32:45 م,3150
245,770,0,25/01/2022,02:20:54 م,119316
160,1082,0,17/01/2022,04:41:16 م,3250
185,824,0,19/01/2022,04:17:04 م,34838.48
161,1070,0,17/01/2022,04:47:09 م,41704
201,1477,0,22/01/2022,01:39:12 م,12100
186,786,0,19/01/2022,06:19:13 م,174694.35
215,766,0,23/01/2022,07:52:02 م,31025
202,824,0,22/01/2022,02:53:40 م,37569.61
162,815,0,17/01/2022,04:54:17 م,9120
190,811,0,20/01/2022,04:59:56 م,20440
163,733,23,17/01/2022,05:04:00 م,2173.75
191,826,0,20/01/2022,05:32:43 م,
164,824,0,17/01/2022,06:39:37 م,60130.78
203,774,0,01/01/2022,03:52:31 م,0
192,824,0,20/01/2022,05:42:02 م,25194.44
165,789,0,17/01/2022,08:14:31 م,21849.4
166,1274,0,17/01/2022,08:57:55 م,2140
167,770,0,17/01/2022,09:00:17 م,62540
168,1274,0,17/01/2022,09:03:24 م,85713.47
251,1023,0,25/01/2022,03:42:38 م,11400.03
193,793,0,20/01/2022,06:04:38 م,
290,1274,0,30/01/2022,10:19:15 ص,55158.62
308,872,37,31/01/2022,11:12:34 ص,3457.5
274,833,0,29/01/2022,12:02:49 م,13000
328,774,0,01/02/2022,01:32:28 م,59410
246,774,0,25/01/2022,02:36:56 م,62245
194,784,0,20/01/2022,06:14:38 م,3335
345,824,0,02/02/2022,02:55:59 م,59920.94
252,772,0,25/01/2022,03:47:28 م,15507.75
354,872,37,03/02/2022,01:06:26 م,752.5
216,786,0,23/01/2022,08:07:36 م,176358.6
309,204,0,31/01/2022,01:34:56 م,23500
204,1111,0,22/01/2022,05:22:53 م,9822
221,887,0,24/01/2022,12:20:33 م,10872
275,766,0,29/01/2022,12:05:12 م,36882
247,793,0,25/01/2022,02:59:32 م,
205,806,0,22/01/2022,05:24:46 م,19500
264,766,0,27/01/2022,03:11:16 م,80600
217,786,0,23/01/2022,08:10:59 م,177362.4
222,824,0,24/01/2022,02:12:24 م,92519.13
310,1477,0,31/01/2022,03:41:07 م,5900
206,1082,0,22/01/2022,06:23:49 م,8342
253,811,0,25/01/2022,04:23:13 م,59300
218,823,0,23/01/2022,08:14:42 م,18489.37
276,204,0,29/01/2022,12:06:24 م,15675
254,872,37,25/01/2022,04:32:24 م,1240.5
207,1070,0,22/01/2022,06:40:01 م,1408
223,810,0,24/01/2022,02:21:08 م,
248,780,0,25/01/2022,03:06:15 م,20375
208,1477,0,22/01/2022,07:25:49 م,77770.68
224,810,0,24/01/2022,02:59:37 م,21998.8
195,826,0,20/01/2022,07:58:57 م,41920
225,813,0,24/01/2022,03:01:13 م,
255,836,0,25/01/2022,04:45:28 م,6300
265,2130,0,27/01/2022,04:02:59 م,126112.05
256,755,0,25/01/2022,05:26:43 م,4717.4
257,759,0,25/01/2022,06:10:21 م,2185
169,1265,0,17/01/2022,10:10:52 م,14125
209,819,0,22/01/2022,08:29:12 م,242385.23
226,782,0,24/01/2022,04:23:14 م,27440.02
170,816,0,17/01/2022,10:29:51 م,106617
210,775,0,22/01/2022,08:32:55 م,77129.58
196,833,0,20/01/2022,08:16:18 م,15956
197,826,0,20/01/2022,08:27:19 م,63305
227,1002,0,24/01/2022,04:35:57 م,
329,797,0,01/02/2022,02:53:43 م,225294.5
291,1274,0,30/01/2022,10:39:24 ص,4680
346,836,0,02/02/2022,03:03:31 م,9800
355,782,0,03/02/2022,01:08:39 م,33185.02
373,826,0,06/02/2022,11:00:16 ص,151182.7
311,1070,0,31/01/2022,03:53:07 م,8700
258,824,0,25/01/2022,06:17:15 م,44226.87
367,782,0,05/02/2022,12:56:44 م,30473.9
292,1451,0,30/01/2022,11:44:55 ص,7527.51
277,789,0,29/01/2022,01:50:00 م,17725
330,760,0,01/02/2022,03:53:29 م,3600
312,819,0,31/01/2022,04:11:57 م,80200
278,815,0,29/01/2022,01:51:20 م,54290
266,824,0,27/01/2022,04:46:50 م,84244.98
347,798,0,02/02/2022,04:09:03 م,16390
259,823,0,25/01/2022,06:37:20 م,36155.5
293,797,0,30/01/2022,12:57:41 م,94754.92
313,1265,0,31/01/2022,04:14:39 م,10195
294,797,0,30/01/2022,12:58:46 م,268635.09
228,1517,0,24/01/2022,05:13:32 م,4750
331,1082,0,01/02/2022,04:28:30 م,1365
260,460,22,25/01/2022,08:07:44 م,11452
267,780,0,27/01/2022,06:03:39 م,29850
279,733,23,29/01/2022,02:39:28 م,
332,775,0,01/02/2022,04:54:57 م,144648.5
280,1399,0,29/01/2022,04:16:37 م,12211
314,833,0,31/01/2022,04:31:23 م,5240
261,774,0,25/01/2022,08:10:38 م,63400
268,774,0,27/01/2022,07:43:14 م,57600
281,733,23,29/01/2022,05:31:19 م,1137.4
282,824,0,29/01/2022,05:33:19 م,59544.63
229,1882,0,24/01/2022,06:29:09 م,7060.12
269,529,14,27/01/2022,07:45:11 م,14600
270,795,0,27/01/2022,08:55:22 م,10000.8
230,836,0,24/01/2022,06:50:10 م,27415
283,897,0,29/01/2022,06:10:22 م,137043.86
271,1034,0,27/01/2022,08:58:11 م,91000
231,773,0,24/01/2022,06:54:43 م,7440
232,872,37,24/01/2022,06:58:02 م,3607.5
272,1254,22,27/01/2022,10:04:08 م,27164.5
233,833,0,24/01/2022,07:35:46 م,11800
234,1256,0,24/01/2022,07:36:38 م,65800
235,783,0,24/01/2022,07:42:59 م,27977.1
284,797,0,29/01/2022,06:26:47 م,196520
374,204,0,06/02/2022,11:30:03 ص,23750
386,824,0,07/02/2022,01:43:28 م,103386.35
401,1274,0,08/02/2022,11:26:47 ص,69081.04
417,1451,0,09/02/2022,01:02:08 م,20957.01
348,777,0,02/02/2022,04:43:37 م,74450.75
285,774,0,29/01/2022,06:44:10 م,63120
315,797,0,31/01/2022,04:35:15 م,178080
295,782,0,30/01/2022,03:07:18 م,26096.27
236,786,0,24/01/2022,07:46:39 م,153277.44
368,1451,0,05/02/2022,02:12:22 م,6485
333,797,0,01/02/2022,05:10:46 م,46.18
387,763,0,07/02/2022,02:04:55 م,2100
375,775,0,06/02/2022,01:46:50 م,21400
286,1070,0,29/01/2022,08:16:08 م,46859
334,755,0,01/02/2022,05:13:30 م,2290
296,766,0,30/01/2022,03:56:07 م,38150
376,782,0,06/02/2022,03:12:54 م,33324.7
237,897,0,24/01/2022,08:05:43 م,13800
344,833,0,02/02/2022,11:37:23 ص,11800
335,973,0,01/02/2022,06:02:22 م,16806.55
356,830,0,03/02/2022,01:44:52 م,
287,1256,0,29/01/2022,08:44:22 م,65150
297,784,0,30/01/2022,03:58:23 م,31068
336,872,37,01/02/2022,06:04:57 م,4921.75
238,763,0,24/01/2022,08:30:07 م,3000
349,1477,0,02/02/2022,04:49:57 م,13800
316,774,0,31/01/2022,05:09:24 م,61240
337,2130,0,01/02/2022,06:06:28 م,58193.6
357,1082,0,03/02/2022,02:06:11 م,8987
317,797,0,31/01/2022,05:11:59 م,111162.25
358,830,0,03/02/2022,02:07:33 م,
298,204,0,30/01/2022,04:10:31 م,23500
288,759,0,29/01/2022,09:54:59 م,4370
239,834,0,24/01/2022,08:42:59 م,36670
350,834,0,02/02/2022,06:09:03 م,7470
299,833,0,30/01/2022,04:11:55 م,15050
338,1517,0,31/01/2022,06:37:14 م,12250
289,786,0,29/01/2022,10:25:54 م,166379.1
318,1111,0,31/01/2022,06:09:25 م,8420
300,773,0,30/01/2022,04:29:53 م,58824
339,766,0,01/02/2022,07:51:24 م,146310.27
240,1113,0,24/01/2022,09:42:21 م,44513
301,1517,0,30/01/2022,04:39:12 م,7642
302,797,0,30/01/2022,04:54:26 م,149432
388,780,0,07/02/2022,02:17:47 م,24805
418,836,0,09/02/2022,01:52:38 م,34000
427,529,14,10/02/2022,11:40:59 ص,
359,775,0,03/02/2022,03:08:41 م,12040
303,797,0,30/01/2022,04:54:45 م,110832
419,786,0,09/02/2022,02:54:08 م,
389,766,0,07/02/2022,03:14:35 م,43600
360,1023,0,03/02/2022,03:10:30 م,6250.02
340,774,0,01/02/2022,08:21:06 م,63750
369,1477,0,05/02/2022,02:57:47 م,16250
440,1023,0,12/02/2022,02:11:05 م,16150.02
351,793,0,02/02/2022,08:58:36 م,9300.5
377,1517,0,06/02/2022,04:02:58 م,21950
420,782,0,09/02/2022,02:58:12 م,31384.7
352,775,0,02/02/2022,08:59:58 م,8250
305,823,0,30/01/2022,06:13:46 م,51046.5
370,773,0,05/02/2022,04:27:19 م,4776.3
390,833,0,07/02/2022,03:16:41 م,21025
353,1023,0,02/02/2022,09:02:27 م,10500
341,1256,0,01/02/2022,08:52:27 م,65680
371,766,0,05/02/2022,04:27:45 م,43600
361,811,0,03/02/2022,03:56:09 م,59768
378,773,0,06/02/2022,04:03:57 م,7830
391,807,0,07/02/2022,03:46:36 م,41830
379,789,0,06/02/2022,04:13:52 م,16228.97
342,823,0,01/02/2022,09:09:21 م,86165.18
362,766,0,03/02/2022,04:39:37 م,140200
380,824,0,06/02/2022,04:54:21 م,57468.74
372,774,0,05/02/2022,06:30:08 م,64350
319,797,0,31/01/2022,06:41:26 م,196520
363,774,0,03/02/2022,06:22:01 م,61065
320,786,0,31/01/2022,07:40:27 م,137802.6
343,777,0,01/02/2022,09:16:28 م,82776.25
322,780,0,31/01/2022,07:44:50 م,23675
304,1888,0,30/01/2022,06:08:45 م,1250
321,887,0,31/01/2022,07:44:24 م,2050
364,424,14,03/02/2022,08:12:53 م,122127
306,816,0,30/01/2022,07:31:02 م,26910
323,793,0,31/01/2022,07:48:04 م,45073.07
307,786,0,30/01/2022,07:44:48 م,73710
324,1070,0,31/01/2022,07:53:54 م,12418
325,824,0,31/01/2022,08:00:08 م,146719.24
326,1113,0,31/01/2022,08:07:28 م,43960
447,983,0,13/02/2022,03:15:55 م,12900.6
459,824,0,14/02/2022,01:04:47 م,147991.39
475,786,0,15/02/2022,10:10:16 ص,172121.7
421,973,0,09/02/2022,03:48:35 م,16134.29
392,773,0,07/02/2022,04:11:38 م,18751.5
402,824,0,08/02/2022,12:13:42 م,81382.17
489,783,0,16/02/2022,01:09:05 م,145695
385,774,0,07/02/2022,12:08:35 م,62520
504,766,0,17/02/2022,01:41:57 م,62625
428,784,0,10/02/2022,12:49:27 م,39150
448,824,0,13/02/2022,03:19:13 م,77896.92
381,823,0,06/02/2022,06:36:02 م,23200.81
436,204,0,12/02/2022,11:33:07 ص,23750
429,774,0,10/02/2022,01:22:52 م,60690
422,1265,0,09/02/2022,05:26:10 م,23495
437,973,0,12/02/2022,11:33:41 ص,5714.23
393,792,0,07/02/2022,05:17:15 م,11115
365,816,0,03/02/2022,08:29:50 م,75696
403,774,0,08/02/2022,12:44:04 م,63725
382,774,0,06/02/2022,07:38:59 م,65010
438,824,0,12/02/2022,01:03:40 م,89896.95
430,824,0,10/02/2022,01:23:49 م,74207.24
366,1629,0,03/02/2022,10:38:45 م,146106
383,766,0,06/02/2022,07:39:31 م,45076
404,777,0,08/02/2022,01:00:31 م,81011.25
423,786,0,09/02/2022,06:42:57 م,223554.35
327,829,0,01/02/2022,12:53:36 م,51000
394,2130,0,07/02/2022,06:49:09 م,141804.55
424,833,0,09/02/2022,06:43:10 م,7800
384,816,0,06/02/2022,08:44:06 م,49912
439,761,0,12/02/2022,01:11:26 م,7000
405,872,37,08/02/2022,01:20:14 م,4617.5
425,780,0,09/02/2022,07:38:01 م,55385
431,786,0,10/02/2022,06:38:02 م,208117.2
406,785,0,08/02/2022,01:22:32 م,11466
395,812,0,07/02/2022,06:58:09 م,37571.2
407,1659,0,08/02/2022,04:23:44 م,72850
396,793,0,07/02/2022,07:35:29 م,11250
408,792,0,08/02/2022,04:25:57 م,17730
409,872,37,08/02/2022,04:52:21 م,472.5
410,773,0,08/02/2022,05:09:36 م,37830
397,826,0,07/02/2022,07:45:34 م,119025.9
398,1700,0,07/02/2022,08:04:55 م,33600
411,1113,0,08/02/2022,06:39:20 م,48680.4
449,1517,0,13/02/2022,03:48:37 م,14850
523,786,0,20/02/2022,01:38:37 م,248571.15
537,1451,0,21/02/2022,12:43:02 م,11400.03
476,1113,0,15/02/2022,10:16:58 ص,29684.5
426,1256,0,09/02/2022,07:41:22 م,64950
460,973,0,14/02/2022,02:02:08 م,20167.86
432,782,0,10/02/2022,07:35:24 م,32691.85
399,559,1,07/02/2022,08:49:36 م,7600
513,973,0,19/02/2022,10:29:59 ص,16806.55
490,978,0,16/02/2022,03:07:20 م,8196.6
450,774,0,13/02/2022,03:49:11 م,61920
441,811,0,12/02/2022,02:54:50 م,59768
505,774,0,17/02/2022,03:54:32 م,60290
461,204,0,14/02/2022,02:10:39 م,19000
412,1659,0,08/02/2022,06:44:24 م,34300
442,1082,0,12/02/2022,04:04:10 م,6697
462,773,0,14/02/2022,02:31:38 م,3680.1
514,204,0,19/02/2022,10:49:01 ص,28500
400,733,23,07/02/2022,08:55:56 م,1502
463,760,0,14/02/2022,02:54:30 م,2400
413,766,0,08/02/2022,06:45:51 م,32482
443,1659,0,12/02/2022,04:21:51 م,26312
451,1477,0,13/02/2022,05:10:12 م,2750
506,773,0,17/02/2022,04:19:45 م,17209.3
414,835,0,08/02/2022,06:46:27 م,11289
452,759,0,13/02/2022,05:18:25 م,4959
415,978,0,08/02/2022,09:24:42 م,133950
491,797,0,16/02/2022,04:15:20 م,149625
474,786,0,15/02/2022,10:08:01 ص,172121.7
416,928,0,08/02/2022,09:27:22 م,10065
453,1477,0,13/02/2022,07:45:22 م,2000.01
492,766,0,16/02/2022,04:16:19 م,54500
454,823,0,13/02/2022,09:36:41 م,28778.74
444,833,0,12/02/2022,05:11:06 م,13110
433,823,0,10/02/2022,07:46:04 م,11952.25
477,774,0,15/02/2022,12:08:06 م,59110
434,786,0,10/02/2022,07:56:20 م,147766.65
456,1274,0,14/02/2022,10:52:50 ص,3060
455,872,37,13/02/2022,09:43:53 م,4896.25
445,782,0,12/02/2022,06:15:55 م,24160.6
435,774,0,10/02/2022,09:08:59 م,63270
457,1274,0,14/02/2022,10:53:42 ص,40226.56
446,1659,0,12/02/2022,08:08:07 م,83000
584,797,0,26/02/2022,01:58:36 م,111392.4
524,786,0,20/02/2022,01:39:18 م,109479.6
501,824,0,17/02/2022,12:14:08 م,151339.83
550,807,0,22/02/2022,04:26:55 م,7775
560,779,0,23/02/2022,11:47:41 ص,35999.98
572,1274,0,24/02/2022,11:41:26 ص,2930
502,774,0,17/02/2022,12:14:29 م,59110
547,824,0,22/02/2022,10:47:33 ص,111425.73
536,833,0,21/02/2022,11:02:22 ص,13515
573,878,0,22/02/2022,11:56:26 ص,58635.26
515,824,0,20/02/2022,11:38:16 ص,179456.81
551,775,0,22/02/2022,05:44:14 م,23852.04
525,782,0,20/02/2022,01:40:24 م,29675
538,824,0,21/02/2022,12:58:19 م,61420.46
558,824,0,23/02/2022,09:50:30 ص,85234.07
503,772,0,17/02/2022,01:19:48 م,20002.75
458,779,0,14/02/2022,11:27:19 ص,32475
526,887,0,20/02/2022,01:41:59 م,5650
527,774,0,20/02/2022,01:43:57 م,103300
493,824,0,16/02/2022,04:32:21 م,72706.98
539,779,0,21/02/2022,01:44:54 م,12659.99
507,797,0,17/02/2022,04:46:20 م,95908.7
464,1111,0,14/02/2022,03:09:40 م,16248
516,774,0,19/02/2022,01:36:25 م,59360
494,793,0,16/02/2022,05:28:36 م,34825
517,1082,0,19/02/2022,03:13:18 م,8214
478,797,0,15/02/2022,12:59:25 م,173050
465,2130,0,14/02/2022,04:11:47 م,92502.42
508,1111,0,17/02/2022,05:22:17 م,9900
495,785,0,16/02/2022,05:33:51 م,27261
479,826,0,15/02/2022,01:30:45 م,140514.04
466,797,0,14/02/2022,04:17:09 م,70252
480,1451,0,15/02/2022,01:32:37 م,18390.01
509,780,0,17/02/2022,05:28:49 م,27220
467,797,0,14/02/2022,04:18:57 م,90008.54
496,1659,0,16/02/2022,06:22:29 م,17400
468,797,0,14/02/2022,04:26:24 م,174626.03
481,797,0,15/02/2022,01:51:10 م,100705
497,759,0,16/02/2022,06:22:55 م,5520
498,833,0,16/02/2022,06:23:51 م,10366.87
469,812,0,14/02/2022,05:36:33 م,37760
482,815,0,15/02/2022,02:15:43 م,59680
470,766,0,14/02/2022,05:51:27 م,54500
483,830,0,15/02/2022,02:55:44 م,17969.71
528,775,0,20/02/2022,03:30:02 م,47194.3
640,718,15,02/03/2022,01:01:37 م,26350
653,973,0,03/03/2022,11:18:35 ص,46394.73
585,774,0,26/02/2022,02:06:08 م,64120
518,1002,0,19/02/2022,04:11:45 م,5200
561,833,0,23/02/2022,12:19:48 م,6693
540,782,0,21/02/2022,04:19:34 م,26675.4
552,826,0,22/02/2022,05:47:50 م,155270
484,2130,0,15/02/2022,03:04:16 م,50923.47
519,823,0,19/02/2022,04:13:53 م,16758.57
529,820,0,20/02/2022,04:13:07 م,11950.04
562,2130,0,23/02/2022,01:21:26 م,64372.09
485,763,0,15/02/2022,03:23:28 م,3300
553,786,0,22/02/2022,06:31:07 م,83790
510,786,0,17/02/2022,07:41:18 م,119280
471,793,0,14/02/2022,07:49:35 م,13050
499,872,37,16/02/2022,08:51:09 م,6817.25
574,1274,0,24/02/2022,04:20:34 م,85266.88
554,2192,22,22/02/2022,07:13:12 م,
555,774,0,22/02/2022,07:14:10 م,64400
520,824,0,19/02/2022,06:43:52 م,129994.19
530,1747,0,20/02/2022,05:23:33 م,3650.15
563,774,0,23/02/2022,01:49:45 م,61890
486,782,0,15/02/2022,04:19:44 م,27390
511,1256,0,17/02/2022,08:02:53 م,65770
472,777,0,14/02/2022,08:35:11 م,80636.5
500,1265,0,16/02/2022,09:11:25 م,3850
548,204,0,22/02/2022,12:11:05 م,14250
541,766,0,21/02/2022,04:50:03 م,81527.02
531,818,0,20/02/2022,05:43:27 م,2535
556,1256,0,22/02/2022,07:51:21 م,53750
521,816,0,19/02/2022,06:54:58 م,30151
532,777,0,20/02/2022,06:23:51 م,77600
512,1805,1,17/02/2022,12:18:17 ص,18800
542,811,0,21/02/2022,04:59:08 م,59289.03
543,872,37,21/02/2022,05:03:26 م,340
487,824,0,15/02/2022,05:46:17 م,86169.06
533,1517,0,20/02/2022,06:45:38 م,16975
473,782,0,14/02/2022,09:50:29 م,30370.4
522,789,0,19/02/2022,08:02:06 م,37186.09
534,773,0,20/02/2022,07:41:02 م,18500
535,424,14,20/02/2022,07:47:58 م,113660
488,775,0,15/02/2022,09:18:33 م,73832.28
544,812,0,21/02/2022,06:45:25 م,28320
613,204,0,28/02/2022,02:09:37 م,23750
615,780,0,28/02/2022,04:52:02 م,27710
564,780,0,23/02/2022,02:28:51 م,27225
626,780,0,01/03/2022,12:01:03 م,21500
611,824,0,28/02/2022,11:05:59 ص,133898.63
545,1477,0,21/02/2022,06:52:24 م,3300
641,811,0,02/03/2022,01:21:30 م,38694.52
649,824,0,02/03/2022,05:37:48 م,64465.54
654,1274,0,03/03/2022,11:34:03 ص,52116.94
565,204,0,23/02/2022,02:40:55 م,23750
586,797,0,26/02/2022,03:01:28 م,98395
612,1659,0,28/02/2022,01:31:26 م,66000
596,1451,0,27/02/2022,01:04:38 م,10910
557,786,0,22/02/2022,08:19:23 م,99180
566,1477,0,23/02/2022,02:56:05 م,18630
549,1386,0,22/02/2022,01:42:15 م,20970
650,823,0,02/03/2022,05:40:40 م,13679.96
616,826,0,28/02/2022,04:53:21 م,137006.7
642,759,0,02/03/2022,01:25:48 م,4769
569,797,0,24/02/2022,11:28:31 ص,86821.32
559,973,0,23/02/2022,10:23:51 ص,23529.17
614,204,0,28/02/2022,02:11:32 م,
597,830,0,27/02/2022,01:06:10 م,10293.6
546,816,0,21/02/2022,09:27:07 م,43030
617,826,0,28/02/2022,04:56:31 م,137006.7
643,986,0,02/03/2022,01:50:51 م,59130
627,774,0,01/03/2022,02:12:05 م,60690
618,826,0,28/02/2022,04:57:41 م,22895
587,834,0,26/02/2022,05:24:15 م,23829
598,774,0,27/02/2022,01:58:43 م,61120
567,766,0,23/02/2022,05:57:10 م,81974.93
599,798,0,27/02/2022,02:32:58 م,23804.5
588,1082,0,26/02/2022,05:35:49 م,7649
570,797,0,24/02/2022,11:29:24 ص,275703.55
568,793,0,23/02/2022,07:45:47 م,27399.9
589,797,0,26/02/2022,05:45:23 م,124156.5
600,785,0,27/02/2022,02:46:17 م,11700
590,833,0,26/02/2022,06:05:17 م,12830
575,759,0,24/02/2022,05:13:26 م,5687
591,797,0,26/02/2022,06:16:15 م,75130
592,774,0,26/02/2022,07:20:43 م,60310
571,797,0,24/02/2022,11:37:18 ص,386245.45
646,816,0,02/03/2022,04:05:26 م,35040
619,798,0,28/02/2022,05:13:04 م,7800
677,774,0,06/03/2022,11:44:22 ص,63050
701,774,0,07/03/2022,12:04:34 م,65410
601,763,0,27/02/2022,03:05:01 م,3190
668,779,0,05/03/2022,12:45:58 م,29999.99
706,204,0,07/03/2022,05:53:14 م,16640
628,777,0,01/03/2022,04:23:41 م,82663.75
620,774,0,28/02/2022,05:43:04 م,63850
644,978,0,02/03/2022,02:03:47 م,70500
704,887,0,07/03/2022,02:29:15 م,7800
593,1070,0,26/02/2022,07:53:12 م,41075
645,1451,0,02/03/2022,02:39:08 م,23675
669,2130,0,05/03/2022,03:28:33 م,46238.01
602,823,0,27/02/2022,04:27:26 م,5168.15
647,1659,0,02/03/2022,04:07:18 م,17480
678,783,0,06/03/2022,01:37:59 م,38917.26
621,1113,0,28/02/2022,06:54:22 م,77785
594,797,0,26/02/2022,08:14:45 م,168860.35
576,1265,0,24/02/2022,06:24:32 م,22933.01
648,766,0,02/03/2022,04:07:45 م,98100
629,1659,0,01/03/2022,04:32:35 م,35420
622,1111,0,28/02/2022,07:01:19 م,8220
603,766,0,27/02/2022,04:30:09 م,39374.98
630,829,0,01/03/2022,04:33:17 م,52500
631,796,0,01/03/2022,04:36:43 م,42300
623,529,14,28/02/2022,07:05:14 م,61880
604,786,0,27/02/2022,05:17:23 م,178877.82
577,797,0,24/02/2022,06:30:14 م,111229
595,824,0,27/02/2022,09:42:45 م,137212.59
632,775,0,01/03/2022,04:39:09 م,70500
605,786,0,27/02/2022,05:19:08 م,184175.7
633,782,0,01/03/2022,04:42:26 م,20108
624,1256,0,28/02/2022,07:12:28 م,57890
578,226,1,24/02/2022,06:37:58 م,14200
606,887,0,27/02/2022,05:55:52 م,8022
579,786,0,24/02/2022,06:47:39 م,182966.04
607,1882,0,27/02/2022,06:40:13 م,19350
580,786,0,24/02/2022,07:53:46 م,90880
608,1517,0,27/02/2022,06:49:03 م,24475
581,786,0,24/02/2022,08:09:49 م,159407.1
582,816,0,24/02/2022,08:10:36 م,37930
609,930,0,27/02/2022,07:58:24 م,9900
583,766,0,24/02/2022,08:18:50 م,109440.08
610,816,0,27/02/2022,09:59:06 م,56160
651,269,,02/03/2022,08:13:57 م,
634,1023,0,01/03/2022,04:46:36 م,15375.03
705,779,0,07/03/2022,04:38:07 م,2640
652,529,14,02/03/2022,08:14:49 م,66065
703,1451,0,07/03/2022,02:25:51 م,23137.01
702,766,0,07/03/2022,01:23:11 م,39949.95
707,782,0,07/03/2022,06:00:10 م,42837.5
679,810,0,06/03/2022,02:02:25 م,21998.8
711,831,0,08/03/2022,12:06:31 م,247550
655,718,15,03/03/2022,01:15:59 م,34810
730,777,0,09/03/2022,12:07:33 م,71120.25
761,797,0,12/03/2022,03:08:59 م,104841
758,824,0,12/03/2022,11:37:35 ص,103357.4
770,782,0,13/03/2022,01:26:42 م,32275
656,774,0,03/03/2022,02:07:53 م,64050
731,774,0,09/03/2022,12:46:23 م,62475
742,784,0,10/03/2022,12:58:00 م,11694
680,1451,0,06/03/2022,02:13:03 م,17200
670,815,0,05/03/2022,03:30:58 م,48120
681,777,0,06/03/2022,02:18:41 م,81409.5
712,824,0,08/03/2022,12:13:42 م,
657,782,0,03/03/2022,02:15:04 م,34477.5
635,792,0,01/03/2022,05:52:32 م,14775
708,1265,0,07/03/2022,07:57:54 م,12165
671,1082,0,05/03/2022,04:00:15 م,6500
713,1747,,08/03/2022,02:14:13 م,
714,2213,0,08/03/2022,02:17:08 م,32500
625,2130,0,28/02/2022,08:53:54 م,80992.69
636,824,0,01/03/2022,06:26:26 م,17895.52
672,766,0,05/03/2022,04:19:23 م,21800
682,824,0,06/03/2022,02:23:24 م,166768.05
637,1659,0,01/03/2022,08:27:53 م,17940
658,812,0,03/03/2022,02:37:22 م,37760
638,793,0,01/03/2022,08:28:53 م,16060.2
673,813,0,05/03/2022,04:47:30 م,36851.5
639,1265,0,01/03/2022,08:49:02 م,16725
659,806,0,03/03/2022,03:28:16 م,19500
674,782,0,05/03/2022,05:38:13 م,37693.75
660,775,0,03/03/2022,03:34:22 م,11400
675,760,0,05/03/2022,05:47:44 م,2400
676,759,0,05/03/2022,05:54:22 م,4960
661,824,0,03/03/2022,05:42:46 م,98666.08
662,204,0,03/03/2022,05:43:27 م,19000
663,766,0,03/03/2022,05:44:53 م,40125
683,766,0,06/03/2022,03:25:23 م,119975
759,763,0,12/03/2022,02:18:54 م,3600
771,1386,0,13/03/2022,01:51:11 م,32688
743,785,0,10/03/2022,02:35:48 م,7800
664,775,0,03/03/2022,06:00:45 م,51675
732,757,0,09/03/2022,12:49:02 م,20600
709,1113,0,07/03/2022,08:57:22 م,55070
715,824,0,08/03/2022,02:29:21 م,109388.22
783,766,0,14/03/2022,11:26:51 ص,165185.95
799,824,0,15/03/2022,11:14:57 ص,92913.98
814,833,0,15/03/2022,07:06:15 م,15150
760,779,0,12/03/2022,02:20:50 م,35999.98
744,768,0,10/03/2022,03:04:39 م,11400
716,1517,0,08/03/2022,02:37:46 م,14350
745,774,0,10/03/2022,03:14:29 م,65700
710,816,0,07/03/2022,09:01:57 م,90445
684,1517,0,06/03/2022,03:59:30 م,15665
733,1451,0,09/03/2022,01:21:17 م,19107
762,797,0,12/03/2022,03:13:17 م,142855.5
734,897,0,09/03/2022,05:51:49 م,151566.4
685,807,0,06/03/2022,04:10:04 م,33100
717,798,0,08/03/2022,03:31:42 م,42500
763,766,0,12/03/2022,03:16:35 م,115849.95
735,1659,0,09/03/2022,05:53:18 م,25760
736,766,0,09/03/2022,05:56:24 م,45250
718,1659,0,08/03/2022,03:33:48 م,60985
665,986,0,03/03/2022,09:15:01 م,81375
686,830,0,06/03/2022,04:13:19 م,4236
746,797,0,10/03/2022,04:21:00 م,111500
737,1265,0,09/03/2022,06:39:27 م,17185
666,775,0,03/03/2022,10:34:34 م,67756.81
687,1023,0,06/03/2022,04:15:17 م,17500.05
719,792,0,08/03/2022,04:37:33 م,9000
738,1082,0,09/03/2022,06:46:27 م,9881
720,836,0,08/03/2022,04:43:07 م,17625
688,786,0,28/02/2022,05:25:07 م,143982
721,782,0,08/03/2022,04:46:27 م,42737.5
667,774,0,03/03/2022,11:11:42 م,65230
689,775,0,06/03/2022,08:06:12 م,12320
722,872,37,08/03/2022,05:18:38 م,3607.5
690,774,0,06/03/2022,08:07:43 م,36975
691,766,0,06/03/2022,08:08:37 م,42024.98
692,793,0,06/03/2022,08:10:39 م,24500
693,782,0,06/03/2022,08:13:12 م,36266.25
764,1111,0,12/03/2022,03:23:00 م,13401.75
772,978,0,13/03/2022,02:00:51 م,936
784,1386,0,14/03/2022,01:03:32 م,21567
723,833,0,08/03/2022,05:20:18 م,27700
800,817,0,15/03/2022,11:41:23 ص,231850
819,836,0,16/03/2022,01:40:06 م,5250
815,823,0,15/03/2022,09:14:38 م,71169.64
747,833,0,10/03/2022,04:40:44 م,5635
773,1451,0,13/03/2022,03:04:58 م,10125
827,782,0,17/03/2022,11:12:15 ص,21833.45
739,774,0,09/03/2022,07:18:22 م,48880
785,777,0,14/03/2022,01:54:22 م,76255
801,1254,22,15/03/2022,12:34:38 م,8450
694,1256,0,06/03/2022,08:38:22 م,58890
802,872,37,15/03/2022,01:02:44 م,1160
740,833,0,09/03/2022,07:21:05 م,7410
748,797,0,10/03/2022,05:49:32 م,131104
774,781,0,13/03/2022,04:44:29 م,17600
786,1451,0,14/03/2022,02:51:09 م,29950
724,811,0,08/03/2022,05:30:11 م,67964
741,1256,0,09/03/2022,08:25:41 م,72105
765,793,0,12/03/2022,05:02:46 م,24500
775,1517,0,13/03/2022,04:49:56 م,23350
749,797,0,10/03/2022,05:55:09 م,99581.85
766,2130,0,12/03/2022,05:31:32 م,67937.94
695,786,0,24/02/2022,08:48:54 م,62868.25
750,797,0,10/03/2022,05:59:30 م,143509.8
776,759,0,13/03/2022,05:05:35 م,5180
767,774,0,12/03/2022,05:41:27 م,63550
696,786,0,24/02/2022,08:52:54 م,32876
725,2130,0,08/03/2022,06:40:03 م,22860
697,786,0,24/02/2022,08:56:27 م,21300
768,782,0,12/03/2022,05:49:57 م,32568.75
751,760,0,10/03/2022,06:40:05 م,2400
698,786,0,24/02/2022,08:59:04 م,62613.42
752,766,0,10/03/2022,06:59:13 م,39240
726,1477,0,08/03/2022,07:56:57 م,4785
753,823,0,10/03/2022,08:47:32 م,81180.38
727,766,0,08/03/2022,08:02:07 م,20149.95
728,823,0,08/03/2022,08:51:54 م,54819.09
699,785,0,06/03/2022,09:32:47 م,21450
700,872,37,06/03/2022,11:04:02 م,1890.8
729,793,0,08/03/2022,09:11:23 م,7286.5
777,824,0,13/03/2022,05:42:55 م,59488.43
754,1113,0,10/03/2022,08:58:20 م,30800
787,973,0,14/03/2022,02:53:30 م,19331.15
818,780,0,16/03/2022,01:32:04 م,14070
881,824,0,23/03/2022,12:47:53 م,123287.04
914,797,0,26/03/2022,01:29:33 م,162252
844,887,0,19/03/2022,01:04:20 م,2050
931,797,0,26/03/2022,11:26:57 م,161400
803,1882,0,15/03/2022,01:17:49 م,6750.24
788,774,0,14/03/2022,03:14:29 م,58385
769,797,0,12/03/2022,06:07:48 م,154292.35
816,1113,0,15/03/2022,09:21:27 م,52660
820,781,0,16/03/2022,04:23:06 م,17600.31
828,1451,0,17/03/2022,12:37:39 م,7720
804,834,0,15/03/2022,01:18:53 م,27907
821,1715,22,16/03/2022,04:27:36 م,7750
843,824,0,19/03/2022,01:00:24 م,126752.79
755,816,0,10/03/2022,09:04:04 م,41979
853,824,0,20/03/2022,01:56:37 م,95543.98
817,835,0,15/03/2022,09:26:54 م,12564.82
789,824,0,14/03/2022,04:34:31 م,51271.92
822,766,0,16/03/2022,04:28:24 م,140025
829,1659,0,17/03/2022,02:08:06 م,24200
778,1629,0,13/03/2022,08:08:26 م,132344
823,824,0,16/03/2022,04:30:39 م,102412
756,1274,0,10/03/2022,09:57:33 م,3060
830,1659,0,17/03/2022,02:09:06 م,25668
790,787,0,14/03/2022,04:43:07 م,35000
757,1274,0,10/03/2022,09:58:14 م,104570.47
779,811,0,13/03/2022,08:11:24 م,20225
831,774,0,17/03/2022,02:14:31 م,61900
845,1274,0,19/03/2022,01:20:20 م,61756.78
780,1070,0,13/03/2022,08:15:08 م,24840
791,757,0,14/03/2022,05:24:16 م,21400
792,784,0,14/03/2022,05:35:22 م,23748
805,836,0,15/03/2022,02:39:12 م,26800
781,793,0,13/03/2022,08:55:22 م,17151.3
806,881,0,15/03/2022,02:53:32 م,29036
782,872,37,14/03/2022,10:20:33 ص,10403.75
807,766,0,15/03/2022,04:05:45 م,56578.98
793,812,0,14/03/2022,06:00:43 م,28320
794,887,0,14/03/2022,06:41:09 م,4770
795,1256,0,14/03/2022,06:45:48 م,62940
808,1082,0,15/03/2022,04:18:09 م,8755
854,755,0,20/03/2022,02:18:03 م,1580.1
863,779,0,21/03/2022,12:51:20 م,5500.35
824,1111,0,16/03/2022,07:11:38 م,6102
796,783,0,14/03/2022,06:53:46 م,162956.64
915,797,0,26/03/2022,01:32:33 م,143500
932,1629,0,26/03/2022,11:34:10 م,197547.13
935,1274,0,27/03/2022,12:05:23 م,1500
809,2130,0,15/03/2022,04:22:12 م,56036.24
832,2130,0,17/03/2022,02:19:55 م,18752.38
855,1451,0,20/03/2022,03:02:23 م,19300
883,424,14,23/03/2022,02:39:46 م,26764
872,777,0,22/03/2022,01:14:44 م,85816.5
856,1659,0,20/03/2022,03:03:02 م,93010
864,774,0,21/03/2022,12:53:44 م,60340
916,204,0,24/03/2022,02:35:17 م,31375
810,1477,0,15/03/2022,04:32:07 م,1500
825,774,0,16/03/2022,08:05:33 م,63480
833,780,0,17/03/2022,02:37:21 م,16012.5
884,829,0,23/03/2022,04:26:21 م,52500
834,1888,0,17/03/2022,02:43:35 م,3132
811,780,0,15/03/2022,04:57:55 م,34799
873,1082,0,22/03/2022,04:01:33 م,10211
826,833,0,16/03/2022,08:15:41 م,2900
865,796,0,21/03/2022,01:38:43 م,38164
835,757,0,17/03/2022,03:05:49 م,24200
797,878,0,14/03/2022,08:19:59 م,43200
874,818,0,22/03/2022,04:06:03 م,2795
866,782,0,21/03/2022,02:39:40 م,30775
836,826,0,17/03/2022,03:17:10 م,161826
798,978,0,14/03/2022,08:27:46 م,49350
837,1659,0,17/03/2022,03:24:09 م,
857,793,0,20/03/2022,04:10:47 م,35710
867,872,37,21/03/2022,05:13:21 م,266
838,784,0,17/03/2022,04:05:40 م,21600
858,796,0,20/03/2022,04:33:58 م,24440
839,816,0,17/03/2022,04:18:31 م,47970
812,816,0,15/03/2022,05:43:18 م,60652
859,759,0,20/03/2022,04:36:13 م,3760
813,1386,0,15/03/2022,05:54:14 م,79292
846,830,0,19/03/2022,03:07:13 م,9285.06
840,777,0,17/03/2022,05:27:30 م,65531.25
847,774,0,19/03/2022,03:08:34 م,58510
841,204,0,17/03/2022,08:08:09 م,37650
842,1659,0,17/03/2022,08:15:07 م,25852
917,973,0,26/03/2022,02:37:04 م,38662.08
862,973,0,21/03/2022,11:06:45 ص,38662
933,836,0,15/03/2022,11:58:32 ص,4250
875,1517,0,22/03/2022,04:09:34 م,22125
848,1477,0,19/03/2022,03:11:08 م,10742
950,766,0,27/03/2022,09:31:10 م,96100
980,204,0,30/03/2022,11:02:19 ص,31375
860,816,0,20/03/2022,06:25:36 م,25360
885,424,14,23/03/2022,04:37:13 م,
993,1517,0,31/03/2022,11:00:02 ص,22400
967,798,0,29/03/2022,04:20:57 م,26808
1065,1187,0,07/04/2022,01:03:33 م,37400
934,1274,0,27/03/2022,12:01:03 م,1728
1009,824,0,02/04/2022,02:27:36 م,15591.49
981,763,0,30/03/2022,11:18:55 ص,3480
861,785,0,20/03/2022,06:27:01 م,14850
876,824,0,22/03/2022,04:11:27 م,98729.2
868,1477,0,21/03/2022,06:48:12 م,1825
951,786,0,27/03/2022,10:06:24 م,374582.18
882,829,0,23/03/2022,12:51:29 م,
918,765,0,26/03/2022,03:33:01 م,5755
994,973,0,31/03/2022,11:16:18 ص,38662.1
877,811,0,22/03/2022,04:12:34 م,67964
936,1274,0,27/03/2022,12:07:56 م,47364.36
886,779,0,23/03/2022,04:42:52 م,19048.5
878,1659,0,22/03/2022,04:18:30 م,103542
849,786,0,19/03/2022,04:43:42 م,254323.75
887,204,0,23/03/2022,04:51:37 م,31375
879,824,0,22/03/2022,05:28:30 م,
968,783,0,29/03/2022,04:36:25 م,54426
919,1070,0,26/03/2022,03:51:27 م,2662
850,823,0,19/03/2022,05:51:52 م,115094.2
869,833,0,21/03/2022,08:01:59 م,17165
888,797,0,23/03/2022,05:41:40 م,147126.9
920,983,0,26/03/2022,04:20:44 م,15840.79
851,786,0,19/03/2022,06:04:31 م,
870,806,0,21/03/2022,08:23:06 م,19500
871,1265,0,21/03/2022,08:28:17 م,19025
889,1070,0,23/03/2022,05:48:48 م,13800
890,823,0,23/03/2022,06:27:50 م,52561.4
880,775,0,22/03/2022,08:19:09 م,110255
891,1265,0,23/03/2022,07:04:01 م,42750
852,1256,0,19/03/2022,08:48:35 م,62070
892,766,0,23/03/2022,07:06:30 م,153573
937,1274,0,27/03/2022,12:21:49 م,1255.38
952,978,0,28/03/2022,11:13:33 ص,
982,872,37,30/03/2022,11:48:10 ص,7235.6
995,887,0,31/03/2022,03:08:57 م,2350
1015,1451,0,03/04/2022,11:55:36 ص,5500
969,833,0,29/03/2022,04:50:07 م,7800
938,1274,0,27/03/2022,12:22:32 م,18511.62
1006,777,0,02/04/2022,12:52:22 م,
983,830,0,30/03/2022,01:13:47 م,9285.06
1007,777,0,02/04/2022,12:52:48 م,88042.5
996,782,0,31/03/2022,04:09:29 م,43025
953,1274,0,28/03/2022,12:02:39 م,3912
921,797,0,26/03/2022,06:06:38 م,160922
984,1082,0,30/03/2022,02:17:57 م,10472
893,887,0,23/03/2022,07:15:07 م,25827
985,1477,0,30/03/2022,04:07:48 م,5800.4
997,816,0,31/03/2022,04:21:30 م,39975.5
939,1023,0,27/03/2022,12:40:30 م,16875
922,797,0,26/03/2022,06:09:02 م,75337.5
954,978,0,28/03/2022,12:04:46 م,211500
894,797,0,23/03/2022,07:40:39 م,211250
970,764,0,29/03/2022,05:21:43 م,29500.26
955,1274,0,28/03/2022,12:06:01 م,36636.5
923,792,0,26/03/2022,07:00:07 م,29550
895,797,0,23/03/2022,08:38:16 م,106690.1
986,978,0,30/03/2022,04:43:25 م,
971,2247,0,29/03/2022,05:26:45 م,23190
924,824,0,26/03/2022,07:22:32 م,103217.4
925,1386,0,26/03/2022,07:31:46 م,3240
972,782,0,29/03/2022,05:32:29 م,49305.5
940,797,0,27/03/2022,01:44:41 م,120587.25
926,797,0,26/03/2022,07:49:43 م,112410
896,759,0,23/03/2022,08:59:57 م,4640
927,797,0,26/03/2022,07:50:52 م,72500
941,783,0,27/03/2022,02:36:16 م,2856
897,813,0,23/03/2022,09:36:16 م,25840
928,786,0,26/03/2022,08:10:07 م,100056.6
942,785,0,27/03/2022,02:37:29 م,26475
929,797,0,26/03/2022,08:53:30 م,139680
898,786,0,23/03/2022,10:26:29 م,182157.5
899,1451,0,24/03/2022,11:53:03 ص,9380.03
900,797,0,23/03/2022,11:55:59 ص,139430
901,785,0,24/03/2022,01:06:05 م,12300
1016,1274,0,03/04/2022,12:36:26 م,151833.42
902,826,0,24/03/2022,02:12:49 م,166198.6
956,1187,0,28/03/2022,12:48:37 م,21270
1020,759,0,03/04/2022,02:53:36 م,5710
943,1659,0,27/03/2022,03:02:50 م,76000
998,836,0,31/03/2022,04:25:13 م,59570
957,812,0,28/03/2022,12:50:57 م,30208
1031,782,0,05/04/2022,09:37:34 ص,
944,1517,0,27/03/2022,04:36:18 م,21825
1017,782,0,03/04/2022,01:00:14 م,4857.5
973,793,0,29/03/2022,05:45:22 م,26600
908,784,0,24/03/2022,05:56:24 م,9200
987,823,0,30/03/2022,05:47:34 م,98249.55
1008,830,0,02/04/2022,01:12:48 م,6736.8
903,797,0,24/03/2022,03:33:08 م,177825
974,774,0,29/03/2022,05:46:53 م,40800
945,824,0,27/03/2022,06:13:50 م,
988,786,0,30/03/2022,05:50:49 م,166867.74
999,813,0,31/03/2022,04:31:36 م,33293
958,773,0,28/03/2022,02:08:14 م,22000
904,772,0,24/03/2022,03:38:47 م,20002.75
930,1265,0,26/03/2022,09:36:34 م,14590.02
946,793,0,27/03/2022,06:15:18 م,23275
975,786,0,29/03/2022,05:48:20 م,757449.6
905,797,0,24/03/2022,03:40:05 م,66580
959,204,0,28/03/2022,04:05:56 م,31375
989,766,0,30/03/2022,07:28:29 م,37431
1010,872,37,02/04/2022,02:39:27 م,366.6
947,824,0,27/03/2022,06:58:36 م,137896.86
906,983,0,24/03/2022,04:13:19 م,14040
960,824,0,28/03/2022,05:08:45 م,194309.16
990,759,0,30/03/2022,07:31:29 م,7190
907,782,0,24/03/2022,04:34:03 م,12381.25
961,1477,0,28/03/2022,05:11:59 م,5400
976,786,0,29/03/2022,06:15:01 م,
948,759,0,27/03/2022,07:21:59 م,5180
977,824,0,29/03/2022,06:16:35 م,259348.88
962,1070,0,28/03/2022,05:32:17 م,25890
949,1629,0,27/03/2022,08:58:53 م,99450
909,797,0,24/03/2022,06:44:13 م,193575
910,797,0,24/03/2022,06:44:48 م,193575
911,786,0,24/03/2022,07:33:04 م,118960
912,782,0,24/03/2022,08:35:22 م,38607
913,2130,0,24/03/2022,09:45:08 م,114877.25
1014,828,0,03/04/2022,10:52:00 ص,26200
1090,2130,0,10/04/2022,12:49:48 م,53131.11
992,811,0,31/03/2022,10:58:18 ص,70755
1103,782,0,11/04/2022,11:21:49 ص,32621.25
1066,782,0,07/04/2022,01:19:22 م,39160.5
978,786,0,29/03/2022,08:21:34 م,692350.5
991,782,0,30/03/2022,07:34:16 م,43927.5
1000,2130,0,31/03/2022,05:21:30 م,71617.04
1019,775,0,23/03/2022,02:26:50 م,8725
1018,826,0,03/04/2022,02:03:48 م,243573.03
1032,824,0,05/04/2022,10:49:56 ص,205685.08
1046,872,37,06/04/2022,10:24:12 ص,9235.35
1011,978,0,02/04/2022,03:30:09 م,
1079,204,0,09/04/2022,10:09:37 ص,29440
1119,797,0,12/04/2022,11:20:20 ص,120368.5
1025,812,0,04/04/2022,02:12:27 م,54688
1126,797,0,12/04/2022,02:40:20 م,259069.15
1012,772,0,02/04/2022,04:59:45 م,21852.48
1080,1477,0,09/04/2022,10:38:00 ص,23375
1001,1747,0,31/03/2022,05:43:41 م,19300
963,836,0,28/03/2022,06:47:57 م,39190
1091,2247,0,10/04/2022,12:54:24 م,33415
1120,797,0,12/04/2022,11:27:17 ص,128387.95
1013,785,0,02/04/2022,05:10:55 م,11972
1081,1451,0,09/04/2022,12:50:57 م,34280
979,787,0,29/03/2022,08:31:14 م,32340
1021,766,0,03/04/2022,03:15:49 م,94350
1002,887,0,31/03/2022,09:08:34 م,5400
1026,1256,0,04/04/2022,02:35:23 م,96225
1033,782,0,05/04/2022,11:07:43 ص,36115.5
1047,787,0,06/04/2022,10:46:17 ص,33000
1003,1477,0,31/03/2022,09:22:42 م,1311.25
964,1629,0,28/03/2022,07:39:54 م,100698
1004,826,0,31/03/2022,09:23:00 م,161821.1
1048,1517,0,06/04/2022,11:38:59 ص,23737
965,755,0,28/03/2022,08:35:32 م,4750
1067,789,0,07/04/2022,02:23:31 م,12000
1049,204,0,06/04/2022,11:40:03 ص,32000
966,978,0,28/03/2022,09:39:59 م,109980
1027,777,0,04/04/2022,04:56:24 م,75762.5
1034,779,0,05/04/2022,11:59:48 ص,43200
1005,2254,0,31/03/2022,10:09:49 م,5728
1050,774,0,06/04/2022,12:33:10 م,84310
1028,1111,0,04/04/2022,05:26:57 م,28596
1035,1082,0,05/04/2022,03:00:27 م,11084
1029,756,0,04/04/2022,05:59:07 م,32000
1068,529,14,07/04/2022,02:24:26 م,51250
1092,779,0,10/04/2022,01:00:09 م,50399.83
1036,529,14,05/04/2022,03:07:44 م,41000
1121,780,0,12/04/2022,11:56:57 ص,16250
1064,978,0,07/04/2022,09:51:49 ص,
1030,766,0,04/04/2022,11:09:25 م,3600
1149,823,0,13/04/2022,08:19:10 م,65818.45
1127,1517,0,12/04/2022,02:49:16 م,8275
1037,759,0,05/04/2022,03:16:47 م,3099
1104,1451,0,11/04/2022,12:36:58 م,14210.02
1082,811,0,09/04/2022,01:02:10 م,67964
1069,760,0,07/04/2022,03:26:15 م,3200
1122,836,0,12/04/2022,12:00:16 م,14336
1093,782,0,10/04/2022,02:07:57 م,29908.75
1070,1399,0,07/04/2022,03:32:22 م,20450
1105,784,0,11/04/2022,02:14:48 م,20875
1071,887,0,07/04/2022,04:58:58 م,7020
1051,1477,0,06/04/2022,12:42:45 م,66771
1106,775,0,11/04/2022,02:15:46 م,7200
1072,824,0,07/04/2022,05:01:02 م,95753.76
1073,780,0,07/04/2022,05:02:42 م,20400
1094,1882,0,10/04/2022,02:37:25 م,18566.64
1083,1111,0,09/04/2022,04:53:08 م,11317.5
1074,733,23,07/04/2022,05:06:17 م,2795
1052,784,0,06/04/2022,03:14:48 م,44885
1038,777,0,05/04/2022,04:43:04 م,61152
1084,897,0,09/04/2022,05:35:40 م,80849.37
1075,766,0,07/04/2022,05:20:24 م,156103.15
1085,759,0,09/04/2022,05:37:50 م,5160
1053,780,0,06/04/2022,03:16:32 م,40358
1039,775,0,05/04/2022,05:18:43 م,
1045,775,0,05/04/2022,10:03:38 ص,136538
1022,824,0,03/04/2022,05:14:34 م,76026.28
1023,204,0,03/04/2022,05:18:55 م,31250
1076,1888,0,07/04/2022,05:51:07 م,3360
1040,831,0,05/04/2022,09:54:10 م,286000
1054,1477,0,06/04/2022,03:33:28 م,1776
1024,1265,0,03/04/2022,05:43:39 م,7180
1055,782,0,06/04/2022,04:05:30 م,34470.25
1041,834,0,05/04/2022,10:07:06 م,24780
1056,786,0,12/03/2022,05:04:13 م,
1042,978,0,05/04/2022,10:28:27 م,2840
1043,815,0,05/04/2022,10:30:02 م,70570
1044,789,0,05/04/2022,10:42:19 م,12042.24
1125,1399,0,12/04/2022,02:35:27 م,6624
1180,782,0,17/04/2022,01:14:33 م,27644.5
1057,786,0,06/04/2022,05:08:11 م,
1155,1517,0,14/04/2022,11:41:10 ص,19700
1095,1256,0,10/04/2022,04:05:28 م,62700
1135,973,0,13/04/2022,01:13:09 م,13340.4
1107,930,0,11/04/2022,02:30:37 م,2625
1086,1477,0,09/04/2022,09:02:15 م,3660.5
1195,786,0,17/04/2022,11:59:50 ص,582177.4
1123,872,37,12/04/2022,12:02:08 م,758.2
1128,813,0,12/04/2022,02:59:19 م,16700
1096,766,0,10/04/2022,04:26:26 م,23700
1108,790,0,11/04/2022,02:46:23 م,11000
1170,761,0,16/04/2022,10:37:11 ص,3020
1058,760,0,06/04/2022,05:14:09 م,1600
1136,1274,0,13/04/2022,01:31:15 م,66247.74
1124,797,0,12/04/2022,01:42:10 م,232779.1
1129,2130,0,12/04/2022,03:00:21 م,70915.97
1077,798,0,07/04/2022,05:51:50 م,28680
1171,761,,16/04/2022,11:43:56 ص,
1087,1082,0,09/04/2022,10:36:15 م,11270
1150,759,0,13/04/2022,09:15:31 م,4982
1173,204,0,16/04/2022,11:45:01 ص,35200
1109,2271,0,11/04/2022,03:06:12 م,5525
1097,2130,0,10/04/2022,04:41:03 م,
1156,782,0,14/04/2022,12:39:16 م,29367.5
1098,774,0,10/04/2022,05:18:08 م,79895
1088,872,37,09/04/2022,10:43:48 م,8617.85
1110,2262,0,11/04/2022,03:06:51 م,0
1059,817,0,06/04/2022,08:32:56 م,164100
1078,1254,22,07/04/2022,01:19:33 ص,83420
1099,783,0,10/04/2022,07:43:45 م,180372.7
1111,930,0,11/04/2022,03:21:38 م,
1130,782,0,12/04/2022,04:24:55 م,29367.5
1151,1477,0,13/04/2022,09:17:03 م,337.5
1112,824,0,11/04/2022,04:50:33 م,39433.89
1060,766,0,06/04/2022,09:06:55 م,149638.9
1101,204,0,10/04/2022,08:08:56 م,29440
1100,785,0,10/04/2022,08:07:07 م,32108
1061,775,0,06/04/2022,09:09:38 م,77013.5
1113,772,0,11/04/2022,05:18:08 م,21950
1089,824,0,09/04/2022,12:28:26 ص,181213.26
1062,785,0,06/04/2022,09:14:52 م,12600
1102,1265,0,10/04/2022,08:10:34 م,5505
1063,1034,0,06/04/2022,10:28:50 م,114770
1114,759,0,11/04/2022,05:39:17 م,5194
1115,1659,0,11/04/2022,05:40:13 م,162480
1209,973,0,19/04/2022,01:56:47 م,22234
1152,833,0,13/04/2022,09:34:21 م,5375
1157,1451,0,14/04/2022,12:47:00 م,13090.02
1131,978,0,12/04/2022,05:40:59 م,
1116,424,14,11/04/2022,06:13:07 م,44900
1225,1082,0,20/04/2022,10:49:30 ص,8448
1242,204,0,21/04/2022,10:16:00 ص,32000
1250,768,0,21/04/2022,05:14:58 م,11700
1169,529,14,15/04/2022,12:12:44 ص,103455
1132,1659,0,12/04/2022,05:52:18 م,74700
1196,782,0,18/04/2022,12:44:59 م,32278
1153,777,0,13/04/2022,09:50:27 م,67185
1210,1517,0,19/04/2022,01:57:23 م,27650
1158,872,37,14/04/2022,01:29:25 م,3249
1133,806,0,12/04/2022,05:53:54 م,22500
1174,1082,0,16/04/2022,01:33:44 م,9168
1211,766,0,19/04/2022,01:58:08 م,64150
1175,784,0,16/04/2022,01:43:19 م,20875
1134,2262,0,12/04/2022,09:57:45 م,2520
1137,774,0,13/04/2022,01:48:07 م,77940
1159,836,0,14/04/2022,02:51:39 م,17500
1154,887,0,13/04/2022,11:15:06 م,1081
1197,204,0,18/04/2022,12:57:01 م,25600
1160,774,0,14/04/2022,04:04:57 م,79895
1176,757,0,16/04/2022,02:18:32 م,18975
1198,798,0,18/04/2022,12:58:11 م,34515.5
1177,1256,0,16/04/2022,05:23:06 م,66700
1161,816,0,14/04/2022,04:13:18 م,83250
1178,823,0,16/04/2022,06:16:31 م,52169.4
1117,833,0,11/04/2022,07:48:18 م,15210
1181,1082,0,17/04/2022,01:19:06 م,10840
1162,757,0,14/04/2022,04:19:26 م,16445
1182,807,0,17/04/2022,01:21:31 م,12600
1118,662,15,11/04/2022,08:16:28 م,51440
1179,1386,0,16/04/2022,06:26:13 م,13200
1163,786,0,14/04/2022,04:27:26 م,437522.5
1164,824,0,14/04/2022,05:04:00 م,41023.99
1165,835,0,14/04/2022,05:52:00 م,6282.45
1138,978,0,13/04/2022,02:23:07 م,840
1139,1659,0,13/04/2022,02:38:53 م,81516
1166,793,0,14/04/2022,08:07:50 م,28025
1140,1451,0,13/04/2022,02:53:28 م,7500
1141,1082,0,13/04/2022,03:13:55 م,8320
1142,779,0,13/04/2022,03:20:43 م,7685
1143,782,0,13/04/2022,04:28:02 م,30651
1199,824,0,18/04/2022,03:02:54 م,170177.02
1243,1274,0,21/04/2022,12:32:31 م,79972.85
1226,783,0,20/04/2022,11:42:23 ص,158244.24
1251,775,0,21/04/2022,05:45:11 م,120150
1167,424,14,14/04/2022,08:25:28 م,47250
1273,2254,0,24/04/2022,11:35:27 ص,312.5
1287,973,0,25/04/2022,01:14:50 م,35574.4
1200,797,0,18/04/2022,03:27:50 م,290744.75
1308,824,0,27/04/2022,12:35:02 م,110052.43
1295,1451,0,26/04/2022,12:34:08 م,5625
1259,2130,0,23/04/2022,03:24:49 م,57522.78
1183,774,0,17/04/2022,02:48:56 م,76090
1212,792,0,19/04/2022,02:02:52 م,14750
1168,833,0,14/04/2022,09:57:41 م,8000
1274,823,0,24/04/2022,12:33:09 م,84824.25
1213,797,0,19/04/2022,02:17:21 م,70700
1252,774,0,21/04/2022,05:57:09 م,83265
1184,887,0,17/04/2022,02:56:18 م,5252
1144,807,0,13/04/2022,05:24:01 م,16500
1185,1801,0,17/04/2022,03:01:40 م,
1253,1700,0,21/04/2022,05:59:06 م,52100
1186,2130,0,17/04/2022,03:16:35 م,55005.75
1201,1451,0,18/04/2022,04:41:42 م,11490.03
1214,782,0,19/04/2022,03:14:47 م,28735
1227,782,0,20/04/2022,01:10:30 م,31012.5
1145,766,0,13/04/2022,05:50:49 م,59000
1202,792,0,18/04/2022,04:42:50 م,19700
1146,815,0,13/04/2022,05:52:12 م,60750
1215,787,0,19/04/2022,03:16:10 م,36000
1228,766,0,20/04/2022,01:12:22 م,112050
1147,835,0,13/04/2022,05:53:59 م,5408.37
1216,872,37,19/04/2022,03:23:34 م,6391.25
1187,824,0,17/04/2022,04:15:02 م,68251.1
1148,813,0,13/04/2022,05:57:39 م,84213.2
1217,786,0,19/04/2022,04:14:47 م,299560.7
1188,779,0,17/04/2022,04:23:38 م,7976.4
1218,833,0,19/04/2022,04:18:03 م,10000
1189,783,0,17/04/2022,04:27:11 م,45732.87
1203,766,0,18/04/2022,05:27:13 م,97387.5
1204,774,0,18/04/2022,05:36:56 م,80195
1205,1265,0,18/04/2022,05:54:19 م,16035
1190,1801,,17/04/2022,04:40:46 م,
1191,1801,0,17/04/2022,04:43:00 م,1400
1192,811,0,17/04/2022,05:15:33 م,67964
1275,797,0,24/04/2022,12:56:29 م,86079.3
1238,816,0,20/04/2022,09:37:55 م,73782
1333,204,0,28/04/2022,12:33:35 م,32000
1219,786,0,18/04/2022,04:21:28 م,154744.8
1309,807,0,27/04/2022,12:47:42 م,8600
1254,764,0,21/04/2022,06:09:38 م,22749.43
1276,785,0,24/04/2022,01:22:33 م,12600
1206,763,0,18/04/2022,08:05:55 م,4725
1288,824,0,25/04/2022,01:19:07 م,99030.12
1220,887,0,19/04/2022,05:02:49 م,12243
1277,775,0,24/04/2022,01:39:09 م,40016.03
1255,784,0,21/04/2022,06:11:54 م,76870
1229,824,0,20/04/2022,02:17:30 م,32342.94
1296,824,0,26/04/2022,12:53:28 م,44728.22
1193,766,0,17/04/2022,09:18:05 م,36500
1207,785,0,18/04/2022,08:23:28 م,13845
1289,1517,0,25/04/2022,01:29:38 م,14100
1194,786,0,17/04/2022,12:57:26 ص,
1260,204,0,23/04/2022,03:33:14 م,
1256,1477,0,21/04/2022,06:13:11 م,6100
1310,786,0,27/04/2022,12:55:47 م,374689.8
1261,973,0,23/04/2022,03:33:40 م,22234
1208,930,0,18/04/2022,09:32:23 م,10000
1230,774,0,20/04/2022,02:19:45 م,78190
1290,1451,0,25/04/2022,02:11:08 م,17855.01
1262,766,0,23/04/2022,03:35:35 م,88500
1257,1070,0,21/04/2022,09:09:58 م,19944
1221,774,0,19/04/2022,05:36:28 م,77285
1244,1451,0,21/04/2022,01:26:07 م,25500
1278,786,0,24/04/2022,02:06:39 م,817194.2
1263,204,0,23/04/2022,03:36:33 م,32000
1245,1888,0,21/04/2022,01:33:06 م,3500
1258,824,0,21/04/2022,09:48:20 م,44375.46
1264,829,0,23/04/2022,03:37:08 م,67500
1222,773,0,19/04/2022,05:51:50 م,44835
1265,774,0,23/04/2022,03:40:07 م,82360
1231,1070,0,20/04/2022,03:29:05 م,7805
1246,777,0,21/04/2022,02:55:59 م,78642.5
1223,761,0,19/04/2022,05:53:29 م,36000
1266,793,0,23/04/2022,03:43:11 م,14250
1224,529,14,19/04/2022,06:01:04 م,61125
1232,872,37,20/04/2022,04:41:46 م,795.5
1233,2271,0,20/04/2022,05:12:59 م,5525
1234,826,0,20/04/2022,05:27:47 م,265544.5
1235,823,0,20/04/2022,08:50:49 م,52924.4
1279,766,0,24/04/2022,02:06:56 م,23160
1352,797,0,29/04/2022,02:14:49 م,120310
1359,766,0,30/04/2022,12:56:30 م,96215
1334,978,0,28/04/2022,01:26:02 م,
1363,1888,0,30/04/2022,04:47:53 م,2700
1267,807,0,23/04/2022,04:16:21 م,20500
1247,782,0,21/04/2022,04:36:15 م,36227.5
1365,1070,0,01/05/2022,02:49:47 م,6300
1311,797,0,27/04/2022,01:30:21 م,90939.5
1280,1256,0,24/04/2022,02:47:58 م,55825
1291,1477,0,25/04/2022,02:12:54 م,16716
1297,766,0,26/04/2022,01:45:12 م,1825
1236,1486,22,20/04/2022,08:53:58 م,
1335,807,0,28/04/2022,01:29:32 م,18200
1268,813,0,23/04/2022,04:18:25 م,8000
1237,759,0,20/04/2022,08:57:44 م,9130
1292,775,0,25/04/2022,02:44:33 م,17100
1248,810,0,21/04/2022,04:37:58 م,22000
1353,797,0,29/04/2022,02:19:06 م,102834.25
1269,820,0,23/04/2022,04:21:13 م,15100.02
1298,529,14,26/04/2022,01:58:07 م,73150
1281,887,0,24/04/2022,03:02:38 م,8640
1293,815,0,25/04/2022,05:16:12 م,40185
1249,780,0,21/04/2022,04:47:14 م,109050
1336,830,0,28/04/2022,01:30:31 م,21353.7
1282,759,0,24/04/2022,03:03:10 م,8966
1312,797,0,27/04/2022,01:35:52 م,196028.25
1239,755,0,20/04/2022,09:51:31 م,2992.5
1337,1082,0,28/04/2022,01:31:51 م,13880
1299,785,0,26/04/2022,02:32:13 م,24225
1313,1187,0,27/04/2022,01:42:55 م,9920
1240,834,0,20/04/2022,10:29:36 م,17840
1294,811,0,25/04/2022,10:20:22 م,67964
1270,786,0,21/04/2022,05:06:55 م,506447.5
1283,872,37,24/04/2022,03:32:26 م,810.9
1314,797,0,27/04/2022,01:53:47 م,135628.55
1300,816,0,26/04/2022,02:46:51 م,71000
1241,789,0,20/04/2022,10:59:21 م,41740.43
1284,1517,0,24/04/2022,05:19:35 م,5300
1285,1477,0,24/04/2022,05:20:38 م,40250
1301,2130,0,26/04/2022,02:56:40 م,84899.98
1271,824,0,23/04/2022,05:28:23 م,58465.6
1286,830,0,25/04/2022,11:35:05 ص,10676.85
1272,833,0,23/04/2022,05:41:19 م,8625
1391,799,0,09/05/2022,03:21:18 م,10260
1315,797,0,27/04/2022,02:03:58 م,279746.67
1354,784,0,29/04/2022,03:01:23 م,36120
1388,1517,0,09/05/2022,01:08:04 م,24780
1398,777,0,10/05/2022,01:53:02 م,81625
1380,824,0,08/05/2022,01:00:09 م,123455.63
1302,872,37,26/04/2022,03:34:02 م,4531.25
1392,824,0,09/05/2022,03:28:55 م,100344.21
1376,1451,0,07/05/2022,11:46:03 ص,10262
1360,887,0,30/04/2022,01:12:28 م,10680
1303,797,0,26/04/2022,04:24:49 م,97466.4
1355,1070,0,29/04/2022,04:36:39 م,18846
1382,782,0,08/05/2022,02:06:02 م,35798
1358,1070,0,30/04/2022,11:07:45 ص,10074
1366,786,0,30/04/2022,02:51:25 م,374196
1389,783,0,09/05/2022,01:33:15 م,78798
1316,782,0,27/04/2022,02:12:30 م,38039.25
1304,1082,0,26/04/2022,05:33:40 م,9152
1356,785,0,29/04/2022,04:47:07 م,12516
1364,1256,0,30/04/2022,05:53:59 م,41500
1377,774,0,07/05/2022,12:43:13 م,76040
1305,793,0,26/04/2022,05:36:10 م,13750
1367,797,0,01/05/2022,03:00:23 م,196200
1338,1477,0,28/04/2022,02:17:22 م,15624
1361,824,0,30/04/2022,01:32:36 م,79158.91
1368,797,0,01/05/2022,03:03:03 م,324680
1339,786,0,27/04/2022,02:29:21 م,819030.3
1306,775,0,26/04/2022,05:57:29 م,21790.46
1317,772,0,27/04/2022,02:58:49 م,17000
1357,424,14,29/04/2022,07:57:26 م,26840
1318,2271,0,27/04/2022,03:28:59 م,5525
1369,1659,0,01/05/2022,03:04:28 م,48384
1307,782,0,26/04/2022,06:14:47 م,42923.5
1362,2130,0,30/04/2022,01:57:28 م,63336.76
1319,1265,0,27/04/2022,03:30:12 م,6805.01
1340,1659,0,28/04/2022,02:34:40 م,36676.5
1370,797,0,01/05/2022,03:06:06 م,146475
1320,779,0,27/04/2022,04:23:19 م,28799.9
1321,775,0,27/04/2022,04:54:43 م,17071
1341,782,0,28/04/2022,03:19:40 م,33912.5
1322,836,0,27/04/2022,04:57:20 م,139500
1323,766,0,27/04/2022,05:29:15 م,134520
1324,757,0,27/04/2022,06:00:26 م,38130
1371,797,0,01/05/2022,03:25:03 م,218925
1332,973,0,28/04/2022,11:31:20 ص,31127.6
1383,779,0,08/05/2022,02:51:48 م,14399.95
1345,872,37,28/04/2022,05:08:20 م,1070
1390,774,0,09/05/2022,03:16:43 م,73880
1425,1451,0,12/05/2022,01:08:08 م,17639.02
1455,797,0,15/05/2022,10:34:17 ص,94348.25
1466,796,0,15/05/2022,06:43:48 م,1704
1325,763,0,27/04/2022,06:01:39 م,2700
1399,872,37,10/05/2022,02:37:48 م,820
1410,2271,0,11/05/2022,02:37:05 م,11050
1384,811,0,08/05/2022,04:31:58 م,70755
1372,797,0,01/05/2022,03:28:34 م,220500
1436,774,0,14/05/2022,02:29:13 م,82005
1378,765,0,07/05/2022,04:14:40 م,4845
1393,796,0,09/05/2022,05:33:08 م,27000
1373,797,0,01/05/2022,03:29:18 م,196200
1411,1659,0,11/05/2022,02:37:34 م,25412
1385,766,0,08/05/2022,04:32:51 م,116122
1374,797,0,01/05/2022,03:59:26 م,61197.5
1326,1386,0,27/04/2022,06:12:31 م,13147.5
1400,782,0,10/05/2022,05:14:19 م,39758
1379,766,0,07/05/2022,07:11:58 م,146475
1375,797,0,01/05/2022,04:00:16 م,193407.9
1327,1111,0,27/04/2022,06:13:15 م,19588.8
1412,782,0,11/05/2022,04:23:31 م,46849.5
1426,824,0,12/05/2022,01:54:25 م,100358.01
1386,813,0,08/05/2022,04:37:47 م,33233
1342,777,0,28/04/2022,04:43:52 م,87152.2
1328,229,15,27/04/2022,06:14:19 م,5430
1401,833,0,10/05/2022,05:20:20 م,4000
1329,1477,0,27/04/2022,08:56:39 م,2019
1413,780,0,11/05/2022,04:25:27 م,89825
1402,766,0,10/05/2022,05:22:16 م,29304
1330,823,0,27/04/2022,09:42:57 م,65356.23
1394,757,0,09/05/2022,08:07:49 م,14080
1387,766,0,08/05/2022,08:04:06 م,130700
1403,2130,0,10/05/2022,06:39:32 م,64428.1
1395,785,0,09/05/2022,08:08:46 م,15683
1343,872,37,28/04/2022,04:56:55 م,
1331,1477,0,27/04/2022,10:18:10 م,10500
1344,775,0,28/04/2022,05:03:22 م,70770
1396,782,0,09/05/2022,09:54:14 م,34537.5
1346,817,0,28/04/2022,05:17:52 م,125008
1347,1274,0,28/04/2022,05:25:32 م,87588.98
1397,833,0,09/05/2022,09:57:38 م,5525
1404,204,0,10/05/2022,07:17:22 م,23370
1456,775,0,14/05/2022,11:20:35 ص,168575.8
1467,807,0,15/05/2022,07:33:27 م,43450
1504,783,0,18/05/2022,11:25:11 ص,158606.25
1476,777,0,16/05/2022,01:51:21 م,87517.5
1520,1888,0,19/05/2022,11:37:22 ص,3750
1405,793,0,10/05/2022,08:44:00 م,13158
1556,831,0,22/05/2022,02:13:38 م,406625
1414,807,0,11/05/2022,04:25:45 م,20750
1427,782,0,12/05/2022,03:17:06 م,43830
1540,777,0,21/05/2022,12:42:56 م,89991.25
1487,204,0,17/05/2022,12:38:08 م,24600
1406,1477,0,10/05/2022,08:45:24 م,15000
1468,797,0,15/05/2022,07:35:19 م,139096.72
1437,1451,0,14/05/2022,02:31:32 م,23650.05
1407,766,0,10/05/2022,08:46:24 م,57900
1488,1082,0,17/05/2022,01:26:34 م,11788
1415,774,0,11/05/2022,05:05:53 م,45325
1348,833,0,28/04/2022,06:15:41 م,14750
1408,1659,0,10/05/2022,08:46:48 م,15600
1416,1111,0,11/05/2022,05:07:44 م,963
1428,2139,15,12/05/2022,03:27:34 م,
1438,817,0,14/05/2022,02:35:11 م,185126
1429,1082,0,12/05/2022,03:30:21 م,11212
1477,797,0,16/05/2022,02:14:32 م,58970
1417,2254,0,11/05/2022,05:19:01 م,2560
1349,797,0,28/04/2022,08:52:15 م,153836.35
1469,797,0,15/05/2022,07:46:17 م,64396.7
1350,759,0,28/04/2022,09:16:07 م,7038
1478,797,0,16/05/2022,02:17:50 م,66046.4
1418,649,1,11/05/2022,06:02:10 م,20000
1457,1517,0,15/05/2022,11:43:32 ص,23500
1470,1274,0,15/05/2022,07:54:46 م,4884
1430,772,0,12/05/2022,04:10:30 م,22000
1419,815,0,11/05/2022,06:21:53 م,47900
1409,774,0,10/05/2022,09:29:26 م,81550
1439,777,0,14/05/2022,02:43:24 م,105645
1431,784,0,12/05/2022,05:12:07 م,3125
1351,797,0,28/04/2022,11:21:50 م,193267.5
1458,1187,0,15/05/2022,12:32:45 م,31880
1420,836,0,11/05/2022,07:29:37 م,58000
1432,824,0,12/05/2022,05:34:19 م,
1421,1111,0,11/05/2022,08:11:20 م,23307.6
1433,759,0,12/05/2022,06:47:20 م,1650
1459,824,0,15/05/2022,12:47:52 م,97670.9
1479,824,0,16/05/2022,04:20:33 م,99501.93
1521,1517,0,19/05/2022,12:47:31 م,22130
1489,774,0,17/05/2022,01:45:05 م,79170
1567,824,0,23/05/2022,11:24:23 ص,92157.3
1422,824,0,11/05/2022,08:27:53 م,41513.37
1440,204,0,14/05/2022,03:01:54 م,30873
1555,830,0,22/05/2022,01:22:57 م,6176.4
1505,887,0,18/05/2022,12:45:30 م,6250
1541,973,0,21/05/2022,01:35:01 م,11117
1441,1265,0,14/05/2022,03:07:57 م,19121.99
1480,813,0,16/05/2022,04:23:43 م,16950
1460,1082,0,15/05/2022,01:31:08 م,6772.5
1506,812,0,18/05/2022,02:30:35 م,54400.08
1423,823,0,11/05/2022,09:21:27 م,50854.19
1461,787,0,15/05/2022,01:32:32 م,36000
1471,1274,0,15/05/2022,08:00:03 م,146231.72
1542,780,0,21/05/2022,03:08:27 م,17750
1490,757,0,17/05/2022,03:03:21 م,19600
1522,782,0,19/05/2022,01:36:09 م,14500
1481,766,0,16/05/2022,06:01:33 م,49150
1523,1629,0,19/05/2022,01:50:45 م,190071
1491,764,0,17/05/2022,03:04:13 م,20499.34
1424,786,0,11/05/2022,10:32:54 م,782123.16
1482,930,0,16/05/2022,06:02:49 م,10593
1507,824,0,18/05/2022,04:29:49 م,61804.17
1434,786,0,12/05/2022,09:22:20 م,560460.6
1464,1477,0,15/05/2022,05:41:44 م,3954
1462,782,0,15/05/2022,04:08:38 م,35415.5
1442,797,0,14/05/2022,06:07:09 م,84580
1483,1399,0,16/05/2022,06:03:27 م,18678
1443,782,0,14/05/2022,06:19:37 م,37791
1484,1070,0,16/05/2022,06:03:56 م,3500
1492,973,0,17/05/2022,05:06:35 م,35574.4
1485,529,14,16/05/2022,06:05:58 م,108500
1444,806,0,14/05/2022,06:27:00 م,26250
1445,815,0,14/05/2022,06:43:34 م,53625
1435,548,23,12/05/2022,10:40:46 م,
1446,780,0,14/05/2022,06:52:32 م,44625
1463,1477,0,15/05/2022,04:30:42 م,108258
1486,833,0,16/05/2022,08:01:55 م,11900
1465,1477,0,15/05/2022,05:44:58 م,6660
1447,1256,0,14/05/2022,08:54:19 م,93250
1448,835,0,14/05/2022,10:15:17 م,15569.55
1539,786,0,19/05/2022,11:59:31 م,401378
1557,779,0,22/05/2022,04:23:39 م,23700
1568,1254,22,23/05/2022,12:29:37 م,44325
1493,2130,0,17/05/2022,05:29:35 م,77219.22
1518,2247,0,19/05/2022,11:05:03 ص,70040
1543,826,0,21/05/2022,03:11:04 م,161888.95
1575,872,37,24/05/2022,12:58:58 م,5407.5
1569,973,0,23/05/2022,02:38:06 م,29348.88
1494,872,37,17/05/2022,05:31:40 م,6336.25
1449,759,0,14/05/2022,10:22:47 م,5940
1508,816,0,18/05/2022,05:56:08 م,56575
1544,1274,0,21/05/2022,03:33:32 م,42741.38
1558,792,0,22/05/2022,04:56:41 م,12400
1576,787,0,24/05/2022,01:35:22 م,40000
1570,759,0,23/05/2022,03:07:23 م,3510
1559,824,0,22/05/2022,05:31:18 م,45215.73
1450,797,0,14/05/2022,10:33:07 م,139152
1545,798,0,21/05/2022,03:34:53 م,43700
1509,775,0,18/05/2022,06:03:16 م,76454.2
1524,1629,0,19/05/2022,01:53:33 م,172723.2
1510,786,0,18/05/2022,06:12:15 م,703408.7
1560,833,0,22/05/2022,06:42:13 م,8000
1451,797,0,14/05/2022,10:37:43 م,133235
1495,897,0,17/05/2022,05:48:02 م,149927.25
1452,797,0,14/05/2022,10:41:51 م,126816.76
1511,1113,0,18/05/2022,07:22:23 م,131750
1512,1629,0,18/05/2022,07:57:37 م,126714
1513,766,0,18/05/2022,08:43:46 م,9000
1525,1002,0,19/05/2022,02:14:43 م,26791.82
1453,823,0,14/05/2022,12:02:45 ص,3067.98
1514,1659,0,18/05/2022,08:44:02 م,90500
1496,793,0,17/05/2022,05:59:03 م,34350
1454,823,0,14/05/2022,12:04:19 ص,153671.57
1472,775,0,15/05/2022,09:17:36 م,18511.4
1515,833,0,18/05/2022,09:23:30 م,11400
1497,782,0,17/05/2022,06:18:34 م,23311.25
1516,773,0,18/05/2022,09:27:18 م,59580
1473,785,0,15/05/2022,09:31:57 م,37400
1498,1265,0,17/05/2022,07:11:26 م,19515
1474,812,0,15/05/2022,10:15:38 م,43600
1499,766,0,17/05/2022,07:43:23 م,87690
1475,786,0,15/05/2022,11:03:37 م,
1553,204,0,22/05/2022,01:17:12 م,30625
1519,1451,0,19/05/2022,11:19:46 ص,23610
1571,774,0,23/05/2022,08:09:28 م,76590
1500,786,0,17/05/2022,07:53:28 م,121629.3
1561,823,0,22/05/2022,07:45:16 م,36051.87
1577,785,0,24/05/2022,02:24:25 م,31191
1526,785,0,19/05/2022,02:33:39 م,36983
1578,779,0,24/05/2022,02:46:38 م,21330
1527,1659,0,19/05/2022,02:43:23 م,186700
1501,815,0,17/05/2022,08:04:34 م,39315
1517,529,14,18/05/2022,09:50:48 م,80812
1572,797,0,23/05/2022,11:19:58 م,122400
1579,824,0,24/05/2022,02:47:18 م,118448.42
1502,786,0,16/05/2022,08:08:39 م,700348.18
1573,797,0,23/05/2022,11:23:41 م,109575
1528,764,0,19/05/2022,03:13:02 م,18749.64
1562,782,0,22/05/2022,07:55:05 م,24754.75
1546,824,0,21/05/2022,04:54:55 م,99278.21
1574,797,0,23/05/2022,11:27:11 م,120286.6
1580,815,0,24/05/2022,03:43:32 م,45650
1581,813,0,24/05/2022,04:27:41 م,12906
1563,878,0,22/05/2022,08:01:47 م,40000
1529,826,0,19/05/2022,04:23:57 م,170113.3
1503,1113,0,17/05/2022,09:15:16 م,47520
1564,1265,0,22/05/2022,09:27:13 م,23455
1582,872,37,24/05/2022,04:37:43 م,10692.5
1530,204,0,19/05/2022,05:33:09 م,36750
1565,1659,0,22/05/2022,09:39:18 م,210600
1531,760,0,19/05/2022,05:46:08 م,5350
1547,789,0,21/05/2022,05:24:57 م,29355
1566,786,0,22/05/2022,10:34:02 م,269776
1548,1659,0,21/05/2022,06:05:01 م,72650
1532,1070,0,19/05/2022,07:13:06 م,36004
1549,775,0,21/05/2022,06:30:01 م,57840
1533,878,0,19/05/2022,07:28:48 م,129766
1534,782,0,19/05/2022,07:32:54 م,15891.75
1554,1187,0,22/05/2022,01:19:18 م,24150
1583,2130,0,24/05/2022,05:24:04 م,96644.3
1550,1801,0,21/05/2022,08:21:34 م,3750
1551,1882,0,21/05/2022,09:01:57 م,36141.6
1535,1629,0,19/05/2022,08:14:14 م,
1584,826,0,24/05/2022,06:00:50 م,122492.6
1536,774,0,19/05/2022,08:23:31 م,76890
1585,774,0,24/05/2022,06:02:28 م,80000
1537,812,0,19/05/2022,08:27:58 م,60100
1552,774,0,21/05/2022,10:01:16 م,44400
1586,766,0,24/05/2022,07:38:38 م,77100
1538,775,0,19/05/2022,08:42:15 م,60560
1587,817,0,24/05/2022,07:47:39 م,189750
